1,《新青年》创刊后的一年多时间里，发行量长期徘徊在1000册左右；1918年后，发行量猛增至20000册。出现这一局面的直接原因是（）,<p>A、民主科学思想深入人心</p><p>B、十月革命的影响</p><p>C、文学革命的开展</p><p>D、五四运动的影响</p>,4,C,,1,1
1,中国共产党第（）次全国代表大会，制定了作为一个完备形态的政党所不可缺少的民主革命纲领，制定了党的章程，完成了建党任务。,<p>A、―</p><p>B、二</p><p>C、三</p><p>D、四</p>,4,B,,1,1
1,"1923年6月12日至20日，中国共产党第三次全国代表大会在广州召开，这次大会的中心议题是( )。",<p>A、武装斗争问题</p><p>B、农民运动问题</p><p>C、国共合作问题</p><p>D、工人运动问题</p>,4,C,,1,1
1,1928年4月朱德、陈毅率领的南昌起义余部到达井冈山与毛泽东领导的部队会合，组成了中国工农红军第（）军。,<p>A、一</p><p>B、二</p><p>C、三</p><p>D、四</p>,4,D,,1,1
1,打响了武装反抗国民党反动派的第一枪是（）。,<p>A、南昌起义</p><p>B、秋收起义</p><p>C、广州起义</p><p>D、百色起义</p>,4,A,,1,1
1,1934年10月，中央红军开始长征后，留在中央根据地领导南方游击战争的是（）。,<p>A、彭德怀项英</p><p>B、项英陈毅</p><p>C、叶挺粟裕</p><p>D、粟裕陈毅</p>,4,B,,1,1
1,1935年1月，中共中央政治局在长征途中举行（），这次会议是中共历史上生死攸关的转折点。,<p>A、遵义会议</p><p>B、俄界会议</p><p>C、洛川会议</p><p>D、古田会议</p>,4,A,,1,1
1,上海“孤岛”时期是指从（）年11月中国军队撤离上海到1941年12月珍珠港事变日军侵入上海租界为止。,<p>A、1935</p><p>B、1936</p><p>C、1937</p><p>D、1938</p>,4,C,,1,1
1,党的七大是中国共产党在民主革命时期召开的极其重要的一次、也是最后一次代表大会。它的一个重大历史性贡献是确立（）为党的指导思想并写入党章。,<p>A、马克思列宁主义</p><p>B、毛泽东思想</p><p>C、邓小平理论</p><p>D、三个代表</p>,4,B,,1,1
1,“千古奇冤，江南一叶；同室操戈，相煎何急?”是周恩来在（）事变后对国民党蒋介石的控诉和回击。,<p>A、七七</p><p>B、八?一三</p><p>C、皖南</p><p>D、四?一二</p>,4,C,,1,1
1,1941年5月19日，毛泽东在延安部会上作（）的报告，第一次明确提出了“实事求是”的思想。,<p>A、《改造我们的学习》</p><p>B、《论联合政府》</p><p>C、《论持久战》</p><p>D、《新民主主义论》</p>,4,A,,1,1
1,中国人民经过八年抗战，最终取得胜利。日本宣布无条件投降是在（）。,<p>A、1945年8月8日</p><p>B、1945年8月15日</p><p>C、1945年9月2日</p><p>D、1949年7月26日</p>,4,B,,1,1
1,为了争取和平、避免内战，1945年8月28日至10月10目，毛泽东偕同周恩来、王若飞，与国民党当局进行了历时43天的谈判。这就是历史上著名的（）。,<p>A、重庆谈判</p><p>B、南京谈判</p><p>C、北平谈判</p><p>D、上海谈判</p>,4,A,,1,1
1,1946年8月、毛泽东在延安会见美国进步女记者安娜?路易斯?斯特朗时提出了的著名论断（）。,<p>A、枪杆子里出政权</p><p>B、东风压倒西风</p><p>C、一切反动派都是纸老虎</p><p>D、没有调查就没有发言权</p>,4,C,,1,1
1,“中国共产党愿当此时机，向全国同胞提出我们奋斗之总的目标……争取中华民族之独立自由与解放。首先须切实地迅速地准备与发动民族革命抗战，以收复失地和恢复领土主权之完整。”中国共产党提出上述奋斗目标，是为了（）。,<p>A、团结各阶层力量推翻北洋军阀统治</p><p>B、实现民族团结抗击日本侵略</p><p>C、实现民族团结完成反帝反封建任务</p><p>D、团结各阶层力量反对蒋介石</p>,4,B,,1,1
1,1949年10月1日、中华人民共和国成立。新中国的建立，标志着近代以来中国面临的争取（）这个历史任务的基本完成。,<p>A、自立于世界民族之林</p><p>B、实现四个现代化</p><p>C、实现中华民族伟大复兴</p><p>D、民族独立、人民解放</p>,4,D,,1,1
1,1949年1月19日，毛泽东、周恩来在一封电报中邀请宋庆龄北上参加“新的政治协商会议”。下列对“新的政治协商会议”的叙述正确的是（）。,<p>A、“新的政治协商会议”的召开标志着人民代表大会制度的确立</p><p>B、“新的政治协商会议”召开时确定了“长期共存、互相监督”方针</p><p>C、“新的政治协商会议”召开时讨论了国名、国旗、国徽等问题</p><p>D、“新的政治协商会议”的召开标志着社会主义革命的胜利</p>,4,C,,1,1
1,孙中山和毛泽东是20世纪的两位伟人，对中国历史发展都作出了杰出贡献。他们思想的相同之处不包括（）。,<p>A、直接来源于西方启蒙思想</p><p>B、体现了与时俱进的精神</p><p>C、成为中国民主革命指导思想</p><p>D、包含反帝反封建的内容</p>,4,A,,1,1
1,毛泽东在1956年纪念孙中山诞辰90周年时说：“我们完成了孙先生没有完成的民主革命”。这是指（）。,<p>A、完成了反帝反封建的历史任务</p><p>B、建立了人民民主专政的国家政权</p><p>C、实现了广大农民无偿获得土地的愿望</p><p>D、没收了官僚资本，建立起公有制</p>,4,A,,1,1
1,下列各项中，与“新中国成立初期民主政治制度的特点”这一主题有联系的是（)。,<p>A、“人民公社化”运动的开展</p><p>B、第一届全国人大的召开</p><p>C、和平共处五项原则的提出</p><p>D、第一个五年计划的完成</p>,4,B,,1,1
1,1956年9月15至27日党的八大在北京举行，这次大会明确了国内主要矛盾是（）。,<p>A、无产阶级和资产阶级的矛盾</p><p>B、中华民族和帝国主义的矛盾</p><p>C、落后的经济文化和人民需要之间的矛盾</p><p>D、人民群众内部矛盾</p>,4,C,,1,1
1,"党的十一届三中全会把全党的工作重点转移到（）上来，提出了( )的重要思想。",<p>A、社会主义现代化建设改革开放</p><p>B、社会主义现代化建设实事求是</p><p>C、改革开放实事求是</p><p>D、经济建设改革开放</p>,4,A,,1,1
1,党的十一届六中全会通过的（），标志着党胜利地完成了指导思想上的拨乱反正。,<p>A、《关于若干历史问题的决议》</p><p>B、《关于建国以来党的若干历史问题的决议》</p><p>C、《关于党内政治生活的若干准则》</p><p>D、《关于整党的决定》</p>,4,B,,1,1
1,以下不属于党的三大作风的内容是（）。,<p>A、理论和实践相结合的作风</p><p>B、艰苦朴素的作风</p><p>C、与人民群众紧密地联系在一起的作风</p><p>D、批评及自我批评的作风</p>,4,B,,1,1
1,共产党区别于其他任何政党的显著标志，使党的路线、方针得以顺利贯彻的根本保证的是（）。,<p>A、路线纲领</p><p>B、三大作风</p><p>C、组织机构</p><p>D、党纪党章</p>,4,B,,1,1
1,为了克服我国20世纪50年代末发生的严重经济困难，中央决定对国民经济实行“调整、巩固、充实、提高”的八字方针。制定此方针的会议是（）。,<p>A、中国八届八中全会</p><p>B、中共八届九中全会</p><p>C、七千人大会</p><p>D、中共八届十中全会</p>,4,B,,1,1
1,我国在联合国的一切合法权益得到恢复是在（）。,<p>A、1970年</p><p>B、1971年</p><p>C、1972年</p><p>D、1973年</p>,4,B,,1,1
1,“越顶外交”一词出现于20世纪70年代，日本媒体将当时世界一大国绕过日本率先访问另一国家的外交举动称为“越顶外交”。与“越顶外交”一词有关的历史事件是（）。,<p>A、毛泽东访问苏联</p><p>B、邓小平访问美国</p><p>C、尼克松访问中国</p><p>D、周恩来访问印度</p>,4,C,,1,1
1,粉碎“四人帮”后，党中央、国务院决定恢复在“文化大革命”中被废弃的学校招生考试制度。（）年冬，全国高等学校重新开始通过统一考试招收新生。,<p>A、1976</p><p>B、1977</p><p>C、1978</p><p>D、1979</p>,4,B,,1,1
1,毛泽东首次提出“马克思主义中国化”命题是在党的（）。,<p>A、遵义会议</p><p>B、瓦窑堡会议</p><p>C、六届六中全会</p><p>D、六届七中全会</p>,4,C,,1,1
1,邓小平理论围绕的主题是（）。,<p>A、什么是马克思主义，怎样坚持和发展马克思主义</p><p>B、什么是社会主义，怎样建设社会主义</p><p>C、什么是小康社会，怎样建设小康社会</p><p>D、什么是和谐社会，怎样建设和谐社会</p>,4,B,,1,1
1,理论联系实际，是实事求是思想路线的（）。,<p>A、前提和基础</p><p>B、途径和方法</p><p>C、实质</p><p>D、验证条件和目的</p>,4,B,,1,1
1,"毛泽东提出的“工农武装割据""思想包括的三个组成部分是（）。",<p>A、武装斗争、统一战线、党的建设</p><p>B、实事求是、群众路线、独立自主</p><p>C、土地革命、党的建设、群众路线</p><p>D、武装斗争、土地革命、革命根据地</p>,4,D,,1,1
1,中国革命统一战线中，基本的、主要的联盟是（）。,<p>A、工人阶级同农民、城市小资产阶级和其他劳动者的联盟</p><p>B、工人阶级同可以合作的非劳动者的联盟</p><p>C、工人阶级同农民、民族资产阶级的联盟</p><p>D、工人阶级同城市小资产阶级的联盟</p>,4,A,,1,1
1,社会主义初级阶段是（）。,<p>A、任何国家进入社会主义社会都会经历的起始阶段</p><p>B、新民主主义社会向社会主义社会的过渡时期</p><p>C、社会主义社会向共产主义社会的过渡时期</p><p>D、我国从社会主义改造完成到基本实现社会主义现代化所经历的阶段</p>,4,D,,1,1
1,第一次提出“建设有中国特色的社会主义”这一概念，是在党的（）。,<p>A、十二大</p><p>B、十三大</p><p>C、十五大</p><p>D、十七大</p>,4,A,,1,1
1,社会主义建设的经验表明，我们的立国之本是（）。,<p>A、四项基本原则</p><p>B、改革开放</p><p>C、社会主义民主政治</p><p>D、社会主义公有制经济</p>,4,A,,1,1
1,推动社会主义社会不断前进的根本动力是（）。,<p>A、社会主义社会的基本矛盾</p><p>B、人民内部矛盾</p><p>C、科学理论</p><p>D、阶级斗争</p>,4,A,,1,1
1,处理改革、发展、稳定关系的重要结合点是（）。,<p>A、提高生产力水平</p><p>B、人民内部矛盾</p><p>C、科学理论</p><p>D、阶级斗争</p>,4,A,,1,1
1,处理改革、发展、稳定关系的重要结合点是（）。,<p>A、V</p><p>B、不断改善人民生活</p><p>C、公有资产占优势</p><p>D、多种所有制并存</p>,4,B,,1,1
1,事关全面建设小康社会大局，必须始终作为全党工作重中之重的是（）。,<p>A、教育问题</p><p>B、人口问题</p><p>C、“三农”问题</p><p>D、环境问题</p>,4,C,,1,1
1,党的十一届三中全会以后，我国农村集体经济组织普遍采取了（）。,<p>A、政社合一的经营体制</p><p>B、三级所有的经营体制</p><p>C、家庭承包经营为基础的统分结合的双层经营体制</p><p>D、土地公有基础上家庭承包经营的分散式经营体制</p>,4,C,,1,1
1,个体劳动者从事工商业等经济活动，依靠自己的劳动所获得的收入属于（）。,<p>A、按劳分配</p><p>B、按生产要素分配</p><p>C、按劳动力价值分配</p><p>D、按资分配</p>,4,B,,1,1
1,社会主义民主的本质和核心是（）。,<p>A、实行民主集中制</p><p>B、人民当家作主</p><p>C、一种国家制度</p><p>D、无产阶级专政</p>,4,B,,1,1
1,在下列对人权和国家主权二者关系的认识中，正确的说法是（）。,<p>A、人权高于主权</p><p>B、人权与主权是相互对立的</p><p>C、人权是主权得以实现的前提和保障</p><p>D、没有主权也就谈不上人权</p>,4,D,,1,1
1,依法治国是党领导人民治理国家的基本方略，其核心是（）。,<p>A、实现社会主义民主的制度化、法律化</p><p>B、维护宪法和法律权威，以宪法和法律为依据治理国家</p><p>C、坚持科学立法、民主立法</p><p>D、建设公正高效权威的社会主义司法制度</p>,4,B,,1,1
1,"1978年5月11日,《光明日报》发表题为（）的特约评论员文章。由此,一场关于真理标准问题的大讨论在全国展开。","<p>A、《马克思主义的一个最基本的原则》</p><p>B、《关于真理的标准问题》</p><p>C、《实践是检验真理的唯一标准》</p><p>D、《解放思想,实事求是,团结一致向前看》</p>",4,C,,1,1
1,党的十一届三中全会在我国对台政策上发生的重大变化是（）。,<p>A、首次提出争取用和平方式解放台湾</p><p>B、首次以“台湾回到祖国怀抱”代替“解放台湾”的思想</p><p>C、首次提出将一国两制确定为基本国策</p><p>D、首次提出加强经贸往来</p>,4,B,,1,1
1,“和平统一、一国两制”的前提是（）。,<p>A、一个中国</p><p>B、港澳台高度自治</p><p>C、国家主体部分实行社会主义制度</p><p>D、港澳台的资本主义制度不变</p>,4,A,,1,1
1,世界和平与发展的主要障碍是（）。,<p>A、宗教问题和领土争端</p><p>B、恐怖主义和民族矛盾</p><p>C、贫富差距和地区冲突</p><p>D、霸权主义和强权政治</p>,4,D,,1,1
1,贯彻“三个代表”重要思想，必须把（）作为党执政兴国的第一要务，不断开创现代化建设的新局面。,<p>A、教育</p><p>B、经济</p><p>C、发展</p><p>D、稳定</p>,4,C,,1,1
1,“三个代表”重要思想创造性地回答了（）。,<p>A、什么是社会主义、怎样建设社会主义的问题</p><p>B、建设什么样的党、怎样建设党的问题</p><p>C、怎样建设中国特色社会主义的问题</p><p>D、怎样发展马克思主义的问题</p>,4,B,,1,1
1,贯彻“三个代表”重要思想，核心是坚持党的（）。,<p>A、阶级性</p><p>B、人民性</p><p>C、先进性</p><p>D、领导</p>,4,C,,1,1
1,“三个代表”的要求，是我们党的（）。,<p>A、立党之本、时代要求、执政之基</p><p>B、时代要求、执政之基、力量之源</p><p>C、立党之本、执政之基、力量之源</p><p>D、立党之本、时代要求、力量之源</p>,4,C,,1,1
1,从根本上说，“三个代表”重要思想是在科学判断（）。,<p>A、党的历史方位的基础上提出的</p><p>B、社会主义建设形势的基础上提出的</p><p>C、当今国际形势的基础上提出的</p><p>D、党的自身变化的基础上提出的</p>,4,A,,1,1
1,贯彻“三个代表”重要思想，关键在坚持（）。,<p>A、党的先进性</p><p>B、改革开放</p><p>C、与时俱进</p><p>D、四项基本原则</p>,4,C,,1,1
1,学习“三个代表”重要思想的根本出发点和落脚点是（）。,<p>A、壮大和发展公有经济</p><p>B、坚持共产党领导多党合作制度</p><p>C、最广大人民的根本利益</p><p>D、发展社会主义先进文化</p>,4,C,,1,1
1,学习贯彻“三个代表”重要思想，根本目的是（）。,<p>A、推动全党更好地带领人民群众把中国特色社会主义事业推向前进</p><p>B、实现全面建设小康社会的宏伟目标</p><p>C、用科学理论武装全体人民</p><p>D、完善公有制为主体的多种所有制并存的制度</p>,4,A,,1,1
1,党的支部委员会对申请入党的人，要注意征求党内外有关群众的意见，进行严格的审查，认为合格后直接提交（）讨论。,<p>A、上级党委</p><p>B、支部书记</p><p>C、支部委员会</p><p>D、党支部大会</p>,4,C,,1,1
1,（）是科学发展观的核心。,<p>A、以人为本</p><p>B、协调发展</p><p>C、统筹兼顾</p><p>D、执政为民</p>,4,A,,1,1
1,科学发展观的实质是（）。,<p>A、速度至关重要</p><p>B、以人为本</p><p>C、要实现经济社会更好更快地发展</p><p>D、全面协调可持续</p>,4,C,,1,1
1,社会和谐是中国特色社会主义的（）。,<p>A、基本特征</p><p>B、本质属性</p><p>C、重要基础</p><p>D、根本目的</p>,4,B,,1,1
1,科学发展观中的以人为本的“人”是指（）。,<p>A、全体党员</p><p>B、工农联盟</p><p>C、人民群众</p><p>D、工人阶级</p>,4,C,,1,1
1,科学发展观提出的根本依据是（）。,<p>A、当前我国发展的阶段性特征</p><p>B、我国社会主义初级阶段基本国情</p><p>C、当前我国社会主要矛盾</p><p>D、当前的国际形势</p>,4,B,,1,1
1,科学发展观的基本要求是（）。,<p>A、统筹兼顾</p><p>B、以人为本</p><p>C、全面协调可持续</p><p>D、立党为公</p>,4,C,,1,1
1,科学发展观的根本方法是（）。,<p>A、发展</p><p>B、统筹兼顾</p><p>C、全面协调可持续</p><p>D、以人为本</p>,4,B,,1,1
1,科学发展观的本质特征是（）。,<p>A、实践性</p><p>B、科学性</p><p>C、可持续性</p><p>D、民主性</p>,4,A,,1,1
1,（）是科学发展的受益者，也是科学发展的实践者和推动者。,<p>A、人民群众</p><p>B、领导干部</p><p>C、知识分子</p><p>D、全体公民</p>,4,A,,1,1
1,落实科学发展观，就必须树立正确的政绩观，我们要用全面的、实践的、群众的观点看待政绩，追求政绩的根本出发点和归宿是（）。,<p>A、实现人民群众的根本利益</p><p>B、建设社会主义和谐社会</p><p>C、实践“三个代表”重要思想</p><p>D、发展中国特色社会主义</p>,4,A,,1,1
1,党的十七大《报告》指出，（）是发展中国特色社会主义的基本要求。,<p>A、科学发展、社会和谐</p><p>B、解放思想、实事求是</p><p>C、改革开放、自力更生</p><p>D、与时俱进、统筹兼顾</p>,4,A,,1,1
1,坚持以经济建设为中心，用（）的办法解决前进中的问题，这是我们党领导人民建设中国特色社会主义的一条基本经验。,<p>A、发展</p><p>B、民主</p><p>C、消除矛盾</p><p>D、阶级斗争</p>,4,A,,1,1
1,（）年，高考制度得到恢复，全国高校重新通过统一考试招收新生。,<p>A、1977</p><p>B、1978</p><p>C、1979</p><p>D、1980</p>,4,A,,1,1
1,“内蒙古自治区的成立，是中国共产党把马克思主义基本原理同我国民族实际相结合的一个伟大创举。”这里的“伟大创举”是指（）。,<p>A、率先实行了民族区域自治</p><p>B、率先赢得了民族独立</p><p>C、率先由当地民族当家作主</p><p>D、率先进入社会主义社会</p>,4,A,,1,1
1,中国的改革开放在20世纪90年代进入到一个新的历史时期。其主要依据是（）。,<p>A、中国加入亚太经济合作组织</p><p>B、农村经济体制改革获得重大突破</p><p>C、确定了经济体制改革的目标</p><p>D、建设中国特色社会主义理论开始形成</p>,4,C,,1,1
1,“作为距离香港最近的城市，它最早成为中国开放的特区，与新中国改革开放的步伐共舞，短短的十几年时间，它已从一个小渔村迅速发展成中国最年轻的城市之一……”上述材料描述的城市是（）。,<p>A、广州</p><p>B、上海</p><p>C、深圳</p><p>D、珠海</p>,4,C,,1,1
1,标志中国经济正式步入世界大家庭的是（）。,<p>A、十一届三中全会上中共做出改革开放的决定</p><p>B、1984年国务院决定开放十四个沿海港口城市</p><p>C、2001年海尔集团在国外投产成功</p><p>D、2001年中国加入世界贸易组织</p>,4,D,,1,1
1,“新时期最鲜明的特点是改革开放。……从沿海到沿江沿边，从东部到中西部，对外开放的大门毅然决然地打开了。”我国的对外开放开始于（）。,<p>A、经济特区的创办</p><p>B、沿海经济开放区的开辟</p><p>C、沿海开放城市的设立</p><p>D、内地的开放</p>,4,A,,1,1
1,2005年3月14日，（）届全国人大三次会议通过《反分裂国家法》。,<p>A、八</p><p>B、九</p><p>C、十</p><p>D、十一</p>,4,C,,1,1
1,开辟中国特色社会主义道路起点的是（）。,<p>A、改革开放政策的提出</p><p>B、十一届三中全会的召开</p><p>C、四项基本原则的提出</p><p>D、真理标准问题的讨论</p>,4,B,,1,1
1,20世纪90年代改革开放的重点和标志是（）。,<p>A、建立海南省</p><p>B、建立经济技术开发区</p><p>C、开发开放浦东</p><p>D、开放沿海港口城市</p>,4,C,,1,1
1,海南省的行政区划中包括4个黎族自治县和2个苗族自治县。由此看出我国在少数民族聚居地区实行（）。,<p>A、人民代表大会制度</p><p>B、民族区域自治制度</p><p>C、多党合作制度</p><p>D、政治协商制度</p>,4,B,,1,1
1,中共完整提出与民主党派实行“长期共存、互相监督，肝胆相照、荣辱与共”的方针是在（）。,<p>A、巩固新生政权时期</p><p>B、抗日战争时期</p><p>C、“文化大革命”时期</p><p>D、改革开放时期</p>,4,D,,1,1
1,邓小平提出的“一国两制”战略构想，最早是针对（）。,<p>A、台湾问题</p><p>B、香港问题</p><p>C、澳门问题</p><p>D、统一问题</p>,4,A,,1,1
1,我国能够恢复对香港、澳门行使主权的条件中，最为重要的是（）。,<p>A、新中国已经成为独立的主权国家</p><p>B、国家统一是中华民族的共同愿望</p><p>C、国际和平的发展潮流</p><p>D、改革开放使综合国力大大增强</p>,4,D,,1,1
1,“中国不打美国牌，也不打苏联牌，中国也不允许别人打中国牌”，最能说明改革开放以来中国外交的显著特征是（）。,<p>A、反对霸权</p><p>B、睦邻友好</p><p>C、多边外交</p><p>D、不结盟</p>,4,D,,1,1
1,"新中国外交史上一项具有里程碑意义的成果,是指由中国领导创立的、目的在于“以互信求安全、以互利求合作”的新型区域合作组织是（）。",<p>A、亚太经济合作组织</p><p>B、东南亚联盟国家组织</p><p>C、欧盟</p><p>D、上海合作组织</p>,4,D,,1,1
1,被西方媒体誉为“第二次绿色革命”的是（）。,<p>A、“银河”系列计算机的诞生</p><p>B、杂交水稻的培育成功</p><p>C、“神舟”号飞船的发射成功</p><p>D、“两弹一星”的研制成功</p>,4,B,,1,1
1,“一九九二年又是一个春天，有一位老人在中国的南海边写下诗篇……”。这一“诗篇”回答的重要问题是（）。,<p>A、什么是中国特色社会主义</p><p>B、什么是社会主义初级阶段</p><p>C、什么是社会主义，怎样建设社会主义</p><p>D、什么是“一国两制”</p>,4,C,,1,1
1,毛泽东思想、邓小平理论、“三个代表”重要思想被写入党章作为党的指导思想分别是在（）。,<p>A、七大、十五大、十六大</p><p>B、七大、十一届三中全会、十五大</p><p>C、七届二中全会、十五大、十六大</p><p>D、八大、十三大、十四大</p>,4,A,,1,1
1,我国形成了共产党同各民主党派真诚合作，互相监督的新型关系，创造了颇具特色的社会主义政党模式是（）。,<p>A、人民代表大会制度</p><p>B、多党轮流执政</p><p>C、民族区域自治制度</p><p>D、中共领导的多党合作和政治协商制度</p>,4,D,,1,1
1,人民解放军进驻香港和澳门分别在（）。,<p>A、1997年和1999年</p><p>B、1990年和1999年</p><p>C、1997年和2000年</p><p>D、1984年和1987年</p>,4,A,,1,1
1,2008年安理会授权各国进入亚丁湾、索马里海域并采取强制性措施打击海盗，随后中国政府派海军舰艇赴此海域实施护航。这显示了新时期中国外交活动的特点之一是（）。,<p>A、反对霸权主义</p><p>B、支持非洲国家的民族解放斗争</p><p>C、积极推进新型区域合作</p><p>D、积极开展以联合国为中心的多边外交活动</p>,4,D,,1,1
1,邓小平理论形成一个完整体系的标志，是在（）。,<p>A、中共十二大</p><p>B、中共十三大</p><p>C、南方谈话和中共十四大</p><p>D、中共十五大</p>,4,C,,1,1
1,十一届三中全会是建国以来党的历史上具有深远意义的伟大转折，其依据是（）。,<p>A、新时期党的基本路线初步形成</p><p>B、邓小平等第二代领导核心形成</p><p>C、转移了党和国家的工作重点</p><p>D、全面解决人民温饱</p>,4,C,,1,1
1,家庭联产承包责任制之所以能在全国普遍推进，根本原因是（）。,<p>A、党作出了改革开放的决策</p><p>B、满足了广大农民对土地的要求</p><p>C、符合中国农村生产力发展水平的实际</p><p>D、适应了我国人多地少的现实</p>,4,C,,1,1
1,明确提出中国经济体制改革的目标是建立社会主义市场经济体制的重要会议是（）。,<p>A、十一届三中全会</p><p>B、十三大</p><p>C、十四大</p><p>D、十四届三中全会</p>,4,C,,1,1
1,2010年10月1日，长征三号丙火箭在我国西昌卫星发射中心点火发射，把（）卫星成功送入太空。这标志着探月工程二期任务迈出了成功的第一步。,<p>A、嫦娥一号</p><p>B、嫦娥二号</p><p>C、神州六号</p><p>D、神州七号</p>,4,B,,1,1
1,郭明义同志是助人为乐的道德模范，是新时期学习实践（）的优秀代表。,<p>A、民族精神</p><p>B、雷锋精神</p><p>C、社会主义荣辱观</p><p>D、科学发展</p>,4,B,,1,1
1,中国载人航天工程新闻发言人2010年10月27日表示，我国（）工程已正式启动实施，2020年前后将建成规模较大、长期有人参与的国家级太空实验室。,<p>A、载人空间站</p><p>B、绕月探测</p><p>C、登月探测</p><p>D、载人航空器</p>,4,A,,1,1
1,中国２０１０年上海世界博览会的主题是（）。,<p>A、“海洋--未来的财富”</p><p>B、“超越发展：大自然智慧的再发现”</p><p>C、“人类-自然-科技-发展”</p><p>D、“城市，让生活更美好”</p>,4,D,,1,1
1,中国共产党第十七届五中全会，于２０１０年１０月１５日至１８日在北京举行。全会审议通过了《中共中央关于制定国民经济和社会发展第（）五年规划的建议》。,<p>A、十个</p><p>B、十一个</p><p>C、十二个</p><p>D、十三个</p>,4,C,,1,1
1,羊城豪情点燃亚运盛会，珠江光影拥抱和谐亚洲。第十六届广州亚洲运动会中国体育代表团取得了（）金牌的优异成绩。,<p>A、51枚</p><p>B、89枚</p><p>C、199枚</p><p>D、78枚</p>,4,C,,1,1
1,2010年11月安装在国家超级计算天津中心的（）以峰值速度4700万亿次、持续速度2566万亿次每秒浮点运算的优异性能位居世界第一。,<p>A、“曙光一号”</p><p>B、“天河一号”</p><p>C、“魔方”</p><p>D、“银河一号”</p>,4,B,,1,1
1,“十一五”时期，我国对外投资实现新突破，5年累计对外直接投资达到２２００亿美元，年均增长３０％左右，全球排名由“十五”期末的第十八位跃升至（），正逐步迈入对外投资大国行列。,<p>A、第五位</p><p>B、第十位</p><p>C、第十三位</p><p>D、第十五位</p>,4,A,,1,1
1,"人民英雄纪念碑的碑文是由( )起草( )题写的。",<p>A、毛泽东周恩来</p><p>B、周恩来毛泽东</p><p>C、毛泽东朱德</p><p>D、朱德周恩来</p>,4,A,,1,1
1,2010年12月3日，中共中央政治局召开会议，分析研究明年经济工作。会议强调，要正确把握国内外形势新变化新特点，以科学发展为主题，以（A）为主线。,<p>A、加快转变经济发展方式</p><p>B、加快改善民生</p><p>C、加快社会建设</p><p>D、构建和谐社会</p>,4,A,,1,1
1,2011年1月12日，美国传统基金会公布世界“经济自由度指数”报告，（）再次获评为全球最自由经济体系，这已是该国（地区）连续第十七年名列经济自由度榜首。,<p>A、澳门</p><p>B、香港</p><p>C、美国</p><p>D、日本</p>,4,B,,1,1
1,"“十二五规划”的时间跨度：( )",<p>A、2010-2015</p><p>B、2010-2014</p><p>C、2011-2015</p><p>D、2011-2016</p>,4,C,,1,1
1,"1919年,《新青年》杂志发表《我的马克思主义观》一文,系统地介绍了马克思主义的唯物史观、政治经济学和科学社会主义的基本原理。这篇文章的作者是( )。",<p>A、陈独秀</p><p>B、李大钊</p><p>C、李达</p><p>D、毛泽东</p>,4,A,,1,1
1,"1921年( ),党的一大在上海开幕,最后一天的会议转移到浙江嘉兴南湖举行。",<p>A、6月20日</p><p>B、7月1日</p><p>C、7月23日</p><p>D、7月24日</p>,4,C,,1,1
1,"党的三大决定共产党员以个人身份加入国民党,实现国共合作,同时必须在政治上、思想上、组织上( )。",<p>A、保持自己的独立性</p><p>B、保持自己的先进性</p><p>C、保持自己的平等性</p><p>D、保持自己的合法性</p>,4,A,,1,1
1,"标志第一次国共合作全面破裂、大革命最后失败的事件是( )。",<p>A、四一二反革命政变</p><p>B、马日事变</p><p>C、七一五“分共”事件</p><p>D、中山舰事件</p>,4,C,,1,1
1,"( )打响了武装反抗国民党反动派的第一枪,标志着中国共产党独立地领导革命战争、创建人民军队和武装夺取政权的开始。",<p>A、南昌起义</p><p>B、秋收起义</p><p>C、广州起义</p><p>D、黄花岗起义</p>,4,A,,1,1
1,"1927年10月,毛泽东率领湘赣边界秋收起义部队到达江西宁冈,开始了创建(B)的斗争。",<p>A、赣南、闽西革命根据地</p><p>B、井冈山革命根据地</p><p>C、湘赣革命根据地</p><p>D、晋察冀革命根据地</p>,4,B,,1,1
1,"中国共产党在莫斯科召开的全国代表大会是( )。",<p>A、党的六大</p><p>B、党的五大</p><p>C、党的四大</p><p>D、党的七大</p>,4,A,,1,1
1,"1935年1月召开的(B),确立了毛泽东在党和红军中的领导地位,在极其危急的情况下挽救了党、挽救了红军、挽救了中国革命,是党的历史上一个生死攸关的转折点。",<p>A、古田会议</p><p>B、遵义会议</p><p>C、黎平会议</p><p>D、瓦窑堡会议</p>,4,B,,1,1
1,"( ),红四、红二方面军先后同红一方面军在甘肃会宁、静宁将台堡会师,胜利地结束了长征。",<p>A、1934年10月</p><p>B、1935年10月</p><p>C、1936年10月</p><p>D、1937年10月</p>,4,C,,1,1
1,"1936年( ),张学良、杨虎城实施兵谏,扣留蒋介石,囚禁从南京来的几十名国民党军政要员,史称西安事变。",<p>A、12月1日</p><p>B、12月9日</p><p>C、12月12日</p><p>D、10月10日</p>,4,C,,1,1
1,"过渡时期总路线的主体是( )。",<p>A、实现现代化</p><p>B、实现工业化</p><p>C、实现国有化</p><p>D、实现私有化</p>,4,C,,1,1
1,"中华人民共和国第一次以五大国之一的地位参加讨论重大国际问题的国际会议是( )。",<p>A、日内瓦会议</p><p>B、亚非会议</p><p>C、万隆会议</p><p>D、多哈会议</p>,4,A,,1,1
1,"1954年9月,第一届全国人民代表大会第一次会议在北京举行。会议的召开,标志着( )作为新中国的根本政治制度正式确立。",<p>A、共产党领导的多党合作、政治协商制度</p><p>B、民族区域自治制度</p><p>C、人民代表大会制度</p><p>D、民主集中制</p>,4,C,,1,1
1,"( ),我国成功地爆炸第一颗原子弹,有力地打破了超级大国的核垄断和核讹诈,提高了我国的国际地位。",<p>A、1964年10月6日</p><p>B、1965年10月16日</p><p>C、1964年10月16日</p><p>D、1963年10月6日</p>,4,C,,1,1
1,"1964年12月至1965年1月,三届全国人大一次会议举行。这次会议提出了( )的任务。",<p>A、调整国民经济</p><p>B、建设工业化国家</p><p>C、实现四个现代化</p><p>D、实现农业现代化</p>,4,C,,1,1
1,"1967年2月,谭震林、陈毅、叶剑英等老同志对“文化大革命”的错误提出强烈批评,却被江青、康生等人诬为( )。",<p>A、“二月抗争”</p><p>B、“二月逆流”</p><p>C、“二月事件”</p><p>D、“二月事变”</p>,4,B,,1,1
1,"党的十五大把( )写入党章,确立为党的指导思想。",<p>A、建设有中国特色社会主义理论</p><p>B、邓小平理论</p><p>C、“三个代表”重要思想</p><p>D、科学发展观</p>,4,C,,1,1
1,"全面建成小康社会的奋斗目标,是(D)提出来的。",<p>A、党的十五大</p><p>B、党的十六大</p><p>C、党的十七大</p><p>D、党的十八大</p>,4,D,,1,1
1,"2004年11月,中共中央决定,从2005年1月开始,分三批在全党开展以实践( )为主要内容的保持共产党员先进性教育活动。",<p>A、邓小平理论</p><p>B、邓小平理论</p><p>C、“三个代表”重要思想</p><p>D、科学发展观</p>,4,C,,1,1
1,大革命失败后，以毛泽东为主要代表的中国共产党人走上了（A）的道路。历史证明，这是中国革命走向胜利的唯一正确的道路。,<p>A、在农村建立根据地，以农村包围城市、武装夺取政权</p><p>B、夺取敌人力量相对弱小的城市和发动城市暴动相结合</p><p>C、领导、组织工人运动来推动革命的发展</p><p>D、领导、组织农民运动来推动革命的发展</p>,4,A,,1,1
1,中国工人运动史上持续时间最长的一次罢工是（）。,<p>A、香港海员罢工</p><p>B、广州沙面工人罢工</p><p>C、省港大罢工</p><p>D、二七大罢工</p>,4,C,,1,1
1,中国共产党解决民族问题的基本政策是（）。,<p>A、民族自治</p><p>B、民族区域自治</p><p>C、民族平等</p><p>D、民族融合</p>,4,B,,1,1
1,1957年全党开展整风运动的主题是（）。,<p>A、百花齐放、百家争鸣</p><p>B、反对官僚主义</p><p>C、正确处理人民内部矛盾</p><p>D、反自由主义</p>,4,C,,1,1
1,1978年12月18日至22日，中共十一届三中全会在北京召开。会议作出把党和国家的工作重点转移到（）上来等一系列重大决策，实现了建国以来党的历史上具有深远意义的伟大转折。从此，我国进入改革开放和社会主义现代化建设的新时期。,<p>A、全面开展拨乱反正</p><p>B、社会主义现代化建设</p><p>C、国民经济调整</p><p>D、经济建设</p>,4,B,,1,1
1,2001年11月10日，在（）举行的世界贸易组织第四届部长级会议通过中国加入世界贸易组织的决定。12月11日，中国正式成为世贸组织成员国，标志着中国对外开放进入新的阶段。,<p>A、巴黎</p><p>B、巴黎</p><p>C、多哈</p><p>D、纽约</p>,4,C,,1,1
1,加强和改进党的建设，必须加强党的执政能力建设，提高党的（）。,<p>A、抵御风险能力和水平</p><p>B、驾驭全局能力和水平</p><p>C、领导水平和执政水平</p><p>D、</p>,4,C,,1,1
1,"( )10月，毛泽东率红一方面军攻打吉安取得胜利，使湘赣苏区与赣西南苏区连成一片，成为全国最大的苏区，“中央苏区”名称从此叫响。",<p>A、1930</p><p>B、1931</p><p>C、1929</p><p>D、1932</p>,4,A,,1,1
1,1930年底，蒋介石调集国民党10万大军对中央苏区进行了(A)的军事围剿。,<p>A、第一次大规模</p><p>B、第二次大规模</p><p>C、第三次大规模</p><p>D、第四次大规模</p>,4,A,,1,1
1,"1940年( )八路军发动取得毙伤日伪军2、5万多人等辉煌战果，沉重打击了日军，进一步提高了共产党和八路军的威望。",<p>A、百团大战</p><p>B、平型关大捷</p><p>C、台儿庄战役</p><p>D、徐州战役</p>,4,A,,1,1
1,中国抗日战争胜利纪念日是（）。,<p>A、8月15日</p><p>B、9月15日</p><p>C、9月3日</p><p>D、9月1日</p>,4,C,,1,1
1,全国解放战争三大战役中，历时最长、规模最大、歼敌数量最多的是(A)。,<p>A、淮海战役</p><p>B、平津战役</p><p>C、辽沈战役</p><p>D、渡江战役</p>,4,A,,1,1
1,新中国成立后制定的第一部基本法律是（）。,<p>A、《中华人民共和国民族区域自治实施纲要》</p><p>B、《中华人民共和国婚姻法》</p><p>C、《中华人民共和国土地改革法》</p><p>D、《中华人民共和国宪法》</p>,4,B,,1,1
1,"1950年( )，中国人民志愿军跨过鸭绿江，开始了抗美援朝战争。",<p>A、10月9日</p><p>B、10月19日</p><p>C、10月29日</p><p>D、9月10日</p>,4,B,,1,1
1,（）年7月27日，《关于朝鲜军事停战的协定》及其附件和临时补充协议在板门店正式签署，历时3年多的朝鲜战争宣告结束。,<p>A、1951</p><p>B、1952</p><p>C、1953</p><p>D、1954</p>,4,C,,1,1
1,"( )，第一届全国人民代表大会第一次会议在北京举行。会议的召开，标志着人民代表大会制度作为新中国的根本政治制度正式确立。",<p>A、1954年9月</p><p>B、1954年8月</p><p>C、1953年9月</p><p>D、1953年8月</p>,4,A,,1,1
1,1964年12月至1965年1月，（）全国人大一次会议举行。这次会议提出了实现四个现代化的任务。,<p>A、一届</p><p>B、二届</p><p>C、三届</p><p>D、四届</p>,4,C,,1,1
1,"2005年（）,中共中央总书记胡锦涛在北京与中国国民党主席连战举行正式会谈。这是60年来国共两党最高领导人的首次正式会谈。会后共同发布“两岸和平发展共同愿景”。",<p>A、4月28日</p><p>B、4月29日</p><p>C、4月30日</p><p>D、4月31日</p>,4,B,,1,1
1,"1975年,邓小平部署以（）为突破口,对各条战线进行整顿。",<p>A、军队整顿</p><p>B、铁路整顿</p><p>C、农业整顿</p><p>D、商业整顿</p>,4,B,,1,1
1,全国开展“向雷锋同志学习”的热潮始于（B）年。,<p>A、1953</p><p>B、1963</p><p>C、1954</p><p>D、1965</p>,4,B,,1,1
1,"1971年10月25日,第（）届联合国大会以压倒多数的票数,通过了恢复中华人民共和国在联合国的一切合法权利和立即把台湾当局的代表从联合国及其所属一切机构中驱逐出去的2758号决议。",<p>A、24</p><p>B、25</p><p>C、26</p><p>D、27</p>,4,C,,1,1
1,"2010年5月28日，中共中央政治局召开会议，研究深入实施( )战略的总体思路和政策措施。",<p>A、新疆发展</p><p>B、中部崛起</p><p>C、西藏发展</p><p>D、西部大开发</p>,4,D,,1,1
1,2013年习近平对俄罗斯进行国事访问期间，在莫斯科出席了中共(C)纪念馆启动仪式。,<p>A、四大</p><p>B、五大</p><p>C、六大</p><p>D、七大</p>,4,C,,1,1
1,十八大党章共11章（）条。,<p>A、50</p><p>B、53</p><p>C、58</p><p>D、60</p>,4,B,,2,1
1,中国共产党是中国工人阶级的先锋队，同时是（）的先锋队。,<p>A、中国人民</p><p>B、中华民族</p><p>C、中国人民和中华民族</p><p>D、劳动人民</p>,4,C,,2,1
1,十八次党章于2012年11月（）日通过。,<p>A、8</p><p>B、14</p><p>C、15</p><p>D、16</p>,4,B,,2,1
1,马克思列宁主义揭示了（），它的基本原理是正确的，具有强大的生命力。,<p>A、共产党执政规律</p><p>B、社会主义建设规律</p><p>C、人类社会历史发展规律</p><p>D、人类社会经济发展规律</p>,4,C,,2,1
1,着力建设资源节约型、环境友好型社会，形成节约资源和保护环境的空间格局、产业结构、生产方式、生活方式，为人民创造良好生产生活环境，实现中华民族（）发展。,<p>A、快速</p><p>B、健康</p><p>C、不断</p><p>D、永续</p>,4,D,,2,1
1,“三个代表”重要思想是对马克思列宁主义、毛泽东思想、邓小平理论的（）和发展。,<p>A、丰富</p><p>B、继承</p><p>C、创新</p><p>D、巩固</p>,4,B,,2,1
1,党的最高理想和最终目标是（）。,<p>A、建设社会主义</p><p>B、建设中国特色社会主义</p><p>C、建设富强、民主、文明的社会主义现代化强国</p><p>D、实现共产主义</p>,4,D,,2,1
1,我国正处于并将长期处于（）。,<p>A、社会主义中级阶段</p><p>B、社会主义高级阶段</p><p>C、社会主义初级阶段</p><p>D、由社会主义向共产主义过渡阶段</p>,4,C,,2,1
1,在现阶段，我国社会的主要矛盾是（）。,<p>A、阶级矛盾</p><p>B、人民内部矛盾</p><p>C、发展与环境的矛盾</p><p>D、人民日益增长的物质文化需要同落后的社会生产之间的矛盾</p>,4,D,,2,1
1,（）是我们党执政兴国的第一要务。,<p>A、发展</p><p>B、开放</p><p>C、改革</p><p>D、稳定</p>,4,A,,2,1
1,社会主义初级阶段需要（）的时间。,<p>A、十几年</p><p>B、二十年</p><p>C、五十年</p><p>D、上百年</p>,4,D,,2,1
1,我国的社会主义建设，必须从我国的国情出发，走（）道路。,<p>A、社会主义</p><p>B、中国特色社会主义</p><p>C、改革开放</p><p>D、强国富民</p>,4,B,,2,1
1,“三个代表”重要思想是党必须长期坚持的（）。,<p>A、科学理论</p><p>B、基本原则</p><p>C、治国方略</p><p>D、指导思想</p>,4,D,,2,1
1,在生产发展和社会财富增长的基础上不断满足人民日益增长的物质文化需要，促进（）的全面发展。,<p>A、经济</p><p>B、社会</p><p>C、国家</p><p>D、人</p>,4,D,,2,1
1,党的下级组织既要向上级组织请示和报告工作，又要独立负责地解决（）的问题。,<p>A、群众中</p><p>B、社会上</p><p>C、自己职责范围内</p><p>D、本单位</p>,4,C,,2,1
1,我国到（）时，建成惠及十几亿人口的更高水平的小康社会。,<p>A、2015年</p><p>B、2017年</p><p>C、建党一百年</p><p>D、建国一百年</p>,4,C,,2,1
1,中国共产党在领导社会主义事业中，必须坚持以（）为中心，其他各项工作都服从和服务于这个中心。,<p>A、经济建设</p><p>B、政治建设</p><p>C、文化建设</p><p>D、国防建设</p>,4,A,,2,1
1,党的各级代表大会的代表和委员候选人名单要由（）和选举人充分酝酿讨论。,<p>A、党组织</p><p>B、党代表</p><p>C、候选人</p><p>D、党委成员</p>,4,A,,2,1
1,坚持四项基本原则是我们的立国之本，坚持（）是我们的强国之路。,<p>A、以经济建设为中心</p><p>B、改革开放</p><p>C、科教兴国战略</p><p>D、依法治国战略</p>,4,B,,2,1
1,我们要从根本上改革束缚生产力发展的经济体制，坚持和完善社会主义（）体制。,<p>A、计划经济</p><p>B、商品经济</p><p>C、市场经济</p><p>D、公有制经济</p>,4,C,,2,1
1,凡是成立党的新组织，或是撤销党的原有组织，必须由（）决定。,<p>A、全体党员</p><p>B、上级党组织</p><p>C、基层委员会</p><p>D、人大</p>,4,B,,2,1
1,坚持和完善（）制度，维护和发展平等团结互助和谐的社会主义民族关系，积极培养、选拔少数民族干部，帮助各少数民族地区发展经济、文化，实现各民族的共同繁荣和全面进步。,<p>A、民族区域自治</p><p>B、人民代表大会</p><p>C、共产党领导的多党合作</p><p>D、政治协商</p>,4,A,,2,1
1,中国人民解放军的党组织，根据（）的指示进行工作。,<p>A、中央委员会</p><p>B、中央军事委员会</p><p>C、中央军委总政治部</p><p>D、所在地委员会</p>,4,A,,2,1
1,中国共产党主张按照（）的方针，完成祖国统一的大业。,<p>A、和平谈判</p><p>B、两岸三通</p><p>C、“一个国家、两种制度”</p><p>D、对话合作</p>,4,C,,2,1
1,军队中党的组织体制和机构，由（）作出规定。（B）,<p>A、中央委员会</p><p>B、中央军事委员会</p><p>C、中央军委总政治部</p><p>D、军委常委</p>,4,B,,2,1
1,在国际事务中，维护我国的（），反对霸权主义和强权政治，维护世界和平，促进人类进步，努力推动建设持久和平、共同繁荣的和谐世界。,<p>A、独立和主权</p><p>B、发展与稳定</p><p>C、良好发展环境</p><p>D、繁荣富强</p>,4,A,,2,1
1,党的地方各级代表大会如提前或延期举行，由它选举的委员会的任期（）。,<p>A、不变</p><p>B、相应地改变</p><p>C、无效</p><p>D、中断</p>,4,B,,2,1
1,基层委员会、总支部委员会、支部委员会的书记、（）选举产生后，应报上级党组织批准。（A）,<p>A、副书记</p><p>B、组织书记</p><p>C、纪检书记</p><p>D、党委委员</p>,4,A,,2,1
1,党的思想路线是一切从实际出发，理论联系实际，（），在实践中检验真理和发展真理。,<p>A、解放思想</p><p>B、解放思想</p><p>C、与时俱进</p><p>D、开拓创新</p>,4,B,,2,1
1,党的建设必须坚持解放思想，实事求是，与时俱进，（）。,<p>A、求真务实</p><p>B、艰苦奋斗</p><p>C、执政为民</p><p>D、开拓创新</p>,4,A,,2,1
1,“一切为了群众，一切依靠群众，从群众中来，到群众中去。”这是对（）的表述。,<p>A、党的思想路线</p><p>B、党的政治路线</p><p>C、党的组织路线</p><p>D、党的群众路线</p>,4,D,,2,1
1,必须把改革开放同四项基本原则统一起来，全面落实党的基本路线，全面执行党在社会主义初级阶段的（）。,<p>A、方针政策</p><p>B、基本纲领</p><p>C、治国方略</p><p>D、基本制度</p>,4,B,,2,1
1,中国共产党执政后的最大危险是（）。,<p>A、决策失误</p><p>B、脱离群众</p><p>C、思想僵化</p><p>D、腐败堕落</p>,4,B,,2,1
1,我们党的最大政治优势是（）。,<p>A、无产阶级先锋队</p><p>B、以科学理论为指导</p><p>C、密切联系群众</p><p>D、一切从实际出发</p>,4,C,,2,1
1,党的领导主要是（）的领导。,<p>A、思想</p><p>B、政治</p><p>C、组织</p><p>D、思想、政治和组织</p>,4,D,,2,1
1,（）问题、党同人民群众联系问题是关系党生死存亡的问题。,<p>A、旗帜</p><p>B、党风</p><p>C、先进性</p><p>D、纯洁性</p>,4,B,,2,1
1,民主集中制既是党的根本组织原则，也是（）在党的生活中的运用。,<p>A、群众路线</p><p>B、党的领导</p><p>C、实事求是</p><p>D、执政为民</p>,4,A,,2,1
1,必须实行正确的集中，保证全党的团结统一和行动一致，保证（）得到迅速有效的贯彻执行。,<p>A、党的制度</p><p>B、党的纪律</p><p>C、党的思想</p><p>D、党的决定</p>,4,D,,2,1
1,党必须按照总揽全局、（）的原则，在同级各种组织中发挥领导核心作用。,<p>A、统筹兼顾</p><p>B、协调各方</p><p>C、执政为民</p><p>D、宣传教育</p>,4,B,,2,1
1,党必须集中精力领导经济建设，组织、协调各方面的力量，同心协力，围绕（）开展工作，促进经济社会全面发展。,<p>A、思想建设</p><p>B、政治建设</p><p>C、经济建设</p><p>D、文化建设</p>,4,C,,2,1
1,党必须在宪法和（）的范围内活动。,<p>A、党章</p><p>B、党规</p><p>C、法律</p><p>D、法规</p>,4,C,,2,1
1,构建社会主义和谐社会的重点是（）。,<p>A、民主法治</p><p>B、公平正义</p><p>C、保障和改善民生</p><p>D、人与自然和谐相处</p>,4,C,,2,1
1,党章规定，可以申请入党的年龄为年满（）。,<p>A、14岁</p><p>B、16岁</p><p>C、18岁</p><p>D、20岁</p>,4,C,,2,1
1,中国共产党党员是中国工人阶级的有（）觉悟的先锋战士。,<p>A、共产主义</p><p>B、社会主义</p><p>C、集体主义</p><p>D、爱国主义</p>,4,A,,2,1
1,除了法律和（）规定范围内的个人利益和工作职权以外，所有共产党员都不得谋求任何私利和特权。,<p>A、宪法</p><p>B、法规</p><p>C、党规</p><p>D、政策</p>,4,D,,2,1
1,党章规定，党员必须履行的义务有（）。,<p>A、6项</p><p>B、8项</p><p>C、10项</p><p>D、12项</p>,4,B,,2,1
1,党章规定，党员必须履行的权利有（）。,<p>A、6项</p><p>B、7项</p><p>C、8项</p><p>D、10项</p>,4,C,,2,1
1,中国共产党员要在生产、工作、学习和社会生活中起（）。,<p>A、桥梁作用</p><p>B、纽带作用</p><p>C、战斗堡垒作用</p><p>D、先锋模范作用</p>,4,D,,2,1
1,基层党组织要密切联系群众，经常了解群众对（）、党的工作的批评和意见，维护群众的正当权利和利益，做好群众的思想政治工作。,<p>A、党组织</p><p>B、党员</p><p>C、书记</p><p>D、班子成员</p>,4,B,,2,1
1,党员有权要求（）或撤换不称职的干部。,<p>A、开除</p><p>B、罢免</p><p>C、辞退</p><p>D、处分</p>,4,B,,2,1
1,申请入党的人，要有（）正式党员作介绍人。（B）,<p>A、一名</p><p>B、两名</p><p>C、三名</p><p>D、四名</p>,4,B,,2,1
1,在党组织讨论决定对党员的党纪处分或作出鉴定时，下列说法中正确的是（）。,<p>A、本人无权参加</p><p>B、本人无权进行申辩</p><p>C、其他党员不可以为他作证和辩护</p><p>D、本人有权参加和进行申辩</p>,4,D,,2,1
1,当党员对党的决议和政策有不同意见时，下列说法中正确的是（）。,<p>A、可以不执行党的决议和政策</p><p>B、在坚决执行的前提下，可以声明保留，并且可以把自己的意见向党的上级组织直至中央提出</p><p>C、不允许向上级组织提出自己的意见</p><p>D、只允许向上一级组织提出自己的意见，不能向中央提出</p>,4,B,,2,1
1,下列说法中，错误的是（）。,<p>A、党员只能向上级党组织提出请求、申诉和控告</p><p>B、党员可以向上级党组织提出请求、申诉和控告</p><p>C、党员可以向中央提出请求、申诉和控告</p><p>D、党员有权要求有关组织给以负责的答复</p>,4,A,,2,1
1,基层党组织应监督党员干部和其他任何工作人员严格遵守国法政纪，严格遵守（）和人事制度，不得侵占国家、集体和群众的利益。,<p>A、党章</p><p>B、党规</p><p>C、国家的财政经济法规</p><p>D、公务员守则</p>,4,C,,2,1
1,党的各级领导干部要讲学习、讲政治、（），经得起各种风浪的考验。,<p>A、讲奉献</p><p>B、讲正气</p><p>C、讲姿态</p><p>D、讲风格</p>,4,B,,2,1
1,预备党员的预备期为（）。,<p>A、1年</p><p>B、2年</p><p>C、2.5年</p><p>D、3年</p>,4,A,,2,1
1,预备党员的预备期，从（）之日算起。,<p>A、递交入党申请书</p><p>B、递交入党志愿书</p><p>C、支部大会通过他为预备党员</p><p>D、上级党组织批准</p>,4,C,,2,1
1,预备党员预备期满，党组织认为需要继续考察和教育的，可以延长预备期，但不能超过（）。,<p>A、半年</p><p>B、1年</p><p>C、一年半</p><p>D、2年</p>,4,B,,2,1
1,预备党员预备期满后，党组织经过考察认为其不履行党员义务，不具备党员条件的，应当（）。,<p>A、留党察看</p><p>B、延长预备期</p><p>C、取消预备党员资格</p><p>D、给予党纪处分</p>,4,C,,2,1
1,预备党员转为正式党员，或延长预备期，或取消预备党员资格，都应当经（）讨论通过和上级党组织批准。,<p>A、支部大会</p><p>B、支部委员会</p><p>C、上级支部委员会</p><p>D、党小组</p>,4,A,,2,1
1,申请入党的人必须有两名党员作介绍人。这里的党员是指（）。,<p>A、党员领导干部</p><p>B、正式党员</p><p>C、预备党员</p><p>D、党小组长或党组成员</p>,4,B,,2,1
1,发展党员，必须坚持（）的原则。,<p>A、集体吸收</p><p>B、个别吸收</p><p>C、个别吸收和集体吸收相结合</p><p>D、宽严结合</p>,4,B,,2,1
1,预备党员的权利，除没有（）、选举权和被选举权以外，同正式党员一样。,<p>A、申诉权</p><p>B、控告权</p><p>C、表决权</p><p>D、参与权</p>,4,C,,2,1
1,党员要求退党，应当经支部大会讨论后宣布（），并报上级党组织备案。,<p>A、开除</p><p>B、除名</p><p>C、给予党纪处分</p><p>D、给予通报批评</p>,4,B,,2,1
1,党的各级组织要善于发现和推荐有真才实学的党外干部担任领导工作，保证他们（），充分发挥他们的作用。,<p>A、用其所长</p><p>B、学有所用</p><p>C、有职有权</p><p>D、大胆工作</p>,4,C,,2,1
1,党员如果没有正当理由，连续（）不参加党的组织生活，就被认为是自行脱党。,<p>A、3个月</p><p>B、6个月</p><p>C、9个月</p><p>D、12个月</p>,4,B,,2,1
1,党的地方各级纪律检查委员会全体会议，选举常务委员会和书记、副书记，并由同级党的委员会通过，报（）批准。,<p>A、上级党的委员会</p><p>B、上级党的纪律检查委员会</p><p>C、上级人事部门</p><p>D、上级人大常委会</p>,4,A,,2,1
1,民主集中制是（）。,<p>A、民主基础上的集中</p><p>B、集中基础上的民主</p><p>C、集中指导下的民主</p><p>D、民主基础上的集中和集中指导下的民主相结合</p>,4,D,,2,1
1,<p>党的各级委员会实行（）的制度。</p>,"<table align=""center"" border=""1"" cellpadding=""0"" cellspacing=""0"" style=""width: 500px;"">
	<tbody>
		<tr>
			<td><img alt="""" src=""http://127.0.0.1/3.0//files/attach/files/content/20150611/14339865451588.jpg"" style=""width: 258px; height: 258px;"" /></td>
			<td><img alt="""" src=""http://127.0.0.1/3.0//files/attach/files/content/20150611/14339865451588.jpg"" style=""height: 258px; opacity: 0.9; line-height: 20.7999992370605px; width: 258px;"" /></td>
			<td><img alt="""" src=""http://127.0.0.1/3.0//files/attach/files/content/20150611/14339865451588.jpg"" style=""height: 258px; opacity: 0.9; line-height: 20.7999992370605px; width: 258px;"" /></td>
		</tr>
		<tr>
			<td><img alt="""" src=""http://127.0.0.1/3.0//files/attach/files/content/20150611/14339865451588.jpg"" style=""height: 258px; opacity: 0.9; line-height: 20.7999992370605px; width: 258px;"" /></td>
			<td><img alt="""" src=""http://127.0.0.1/3.0//files/attach/files/content/20150611/14339865451588.jpg"" style=""height: 258px; opacity: 0.9; line-height: 20.7999992370605px; width: 258px;"" /></td>
			<td><img alt="""" src=""http://127.0.0.1/3.0//files/attach/files/content/20150611/14339865451588.jpg"" style=""height: 258px; opacity: 0.9; line-height: 20.7999992370605px; width: 258px;"" /></td>
		</tr>
		<tr>
			<td><img alt="""" src=""http://127.0.0.1/3.0//files/attach/files/content/20150611/14339865451588.jpg"" style=""height: 258px; opacity: 0.9; line-height: 20.7999992370605px; width: 258px;"" /></td>
			<td><img alt="""" src=""http://127.0.0.1/3.0//files/attach/files/content/20150611/14339865451588.jpg"" style=""height: 258px; opacity: 0.9; line-height: 20.7999992370605px; width: 258px;"" /></td>
			<td><img alt="""" src=""http://127.0.0.1/3.0//files/attach/files/content/20150611/14339865451588.jpg"" style=""height: 258px; opacity: 0.9; line-height: 20.7999992370605px; width: 258px;"" /></td>
		</tr>
	</tbody>
</table>

<p>&nbsp;</p>",6,E,,2,1
1,党的各级委员会向（）负责并报告工作。,<p>A、同级党委书记办公会</p><p>B、同级党的代表大会</p><p>C、同级党委常委</p><p>D、党的地方领导机关</p>,4,B,,2,1
1,党的总支部委员会和支部委员会设（）。,<p>A、纪律检查组组长</p><p>B、纪律检查员</p><p>C、纪律检查委员会</p><p>D、纪律检查委员</p>,4,D,,2,1
1,党的上下级组织之间要（）、互相支持和互相监督。,<p>A、互通有无</p><p>B、互相经验</p><p>C、互通情报</p><p>D、精诚合作</p>,4,C,,2,1
1,在选举产生党的各级代表大会的代表和委员会委员时，下列表述中，正确的是（）。,<p>A、只能采取差额选举的办法</p><p>B、必须先采取差额选举办法进行预选，产生候选人名单，然后进行正式选举</p><p>C、党组织可以不经过选举人酝酿讨论而确定候选人名单</p><p>D、可以直接采用候选人数多于应选人数的差额选举办法进行正式选举；也可以先采用差额选举办法进行预选，产生候选人名单，然后进行正式选举</p>,4,D,,2,1
1,在选举党的各级代表大会的代表和委员会委员时，应当采用（）的方式进行选举。,<p>A、举手表决</p><p>B、口头表决</p><p>C、记名投票</p><p>D、无记名投票</p>,4,D,,2,1
1,党组织讨论决定问题，必须执行（）的原则。（B）,<p>A、个人服从组织</p><p>B、少数服从多数</p><p>C、下级服从上级</p><p>D、党员服从党组织</p>,4,B,,2,1
1,党的全国代表大会每（）举行一次，由中央委员会召集。,<p>A、1年</p><p>B、2年</p><p>C、4年</p><p>D、5年</p>,4,D,,2,1
1,各级纪律检查委员会要经常对党员进行（）的教育。,<p>A、爱国主义</p><p>B、遵守纪律</p><p>C、道德品质</p><p>D、思想政治</p>,4,B,,2,1
2,参加了中国共产党一大会议的是（）。,<p>A、毛泽东</p><p>B、何叔衡</p><p>C、李大钊</p><p>D、邓恩铭</p>,4,ABD,,1,1
2,1922年7月，党的二大在上海召开，第一次提出明确的反帝反封建的民主革命纲领。其内容是（）。,<p>A、打倒军阀</p><p>B、推翻国际帝国主义的压迫</p><p>C、统一中国为真正的民主共和国</p><p>D、实现共产主义</p>,4,ABC,,1,1
2,"1927年8月7日,中共中央在汉口秘密召开紧急会议,确定了（）的方针。",<p>A、土地革命</p><p>B、武装起义</p><p>C、成立苏维埃</p><p>D、国共合作</p>,4,AB,,1,1
2,"1932年底,国民党军队调集30多个师的兵力,向中央根据地发动第四次“围剿”。（）从实际情况出发,指挥红一方面军在运动战中消灭敌人,取得反“围剿”的胜利。",<p>A、朱德</p><p>B、毛泽东</p><p>C、周恩来</p><p>D、李德</p>,4,AC,,1,1
2,毛泽东指出，新民主主义革命的对象是（）。,<p>A、民族资产阶级</p><p>B、帝国主义</p><p>C、买办资产阶级</p><p>D、封建主义</p>,4,BCD,,1,1
2,1938，毛泽东发表了《论持久战》，科学地预见了抗日战争将经过的三个阶段是（）。,<p>A、战略防御</p><p>B、战略退却</p><p>C、战略相持</p><p>D、战略反攻</p>,4,ACD,,1,1
2,"1940年3月,中共中央发出《抗日根据地的政权问题》的指示,提出在抗日根据地政府人员的构成上实行“三三制”原则，即（）。",<p>A、共产党员占三分之一</p><p>B、非党的左派进步分子占三分之一</p><p>C、中间派占三分之一</p><p>D、民主党派占三分之一</p>,4,ABC,,1,1
2,从1942年春天起，中国共产党在全党范围内展开了一次整风运动。下列属于这次整风运动的任务的是（）。,<p>A、反对主观主义以整顿学风</p><p>B、反对宗派主义以整顿党风</p><p>C、反对机会主义以整顿作风</p><p>D、反对党八股以整顿文风</p>,4,ABD,,1,1
2,1949年３月，在党的七届二中全会上，毛泽东告诫全党，必须警惕资产阶级“糖衣炮弹”的攻击；务必继续地保持（）的作风，务必继续地保持艰苦奋斗的作风。,<p>A、谦虚</p><p>B、谨慎</p><p>C、不骄</p><p>D、不躁</p>,4,ABCD,,1,1
2,"党的七大总结历史经验,把党在长期奋斗中形成的优良传统作风概括为三大作风,即（）。",<p>A、理论和实践相结合的作风</p><p>B、自我批评的作风</p><p>C、C、全心全意为人民服务的作风</p><p>D、和人民群众紧密联系在一起的作风</p>,4,ABD,,1,1
2,中国共产党在中国新民主主义革命中战胜敌人的三大法宝是（）。,<p>A、统一战线</p><p>B、工农割据</p><p>C、武装斗争</p><p>D、党的建设</p>,4,ACD,,1,1
2,"1950年6月,党的七届三中全会指出,我国财政经济状况的根本好转,要用三年左右的时间,创造三个条件。这三个条件是（）。",<p>A、土地改革的完成</p><p>B、现有工商业的合理调整</p><p>C、打击不法投机资本</p><p>D、国家机构所需经费的大量节减</p>,4,ABD,,1,1
2,"1951年12月1日,中共中央决定开展“三反”运动,主要内容是（）。",<p>A、反对贪污</p><p>B、反对行贿</p><p>C、反对浪费</p><p>D、反对官僚主义</p>,4,ACD,,1,1
2,和平共处五项原则指互相尊重主权和领土完整（）。,<p>A、互不侵犯</p><p>B、互不干涉内政</p><p>C、平等互利</p><p>D、和平共处</p>,4,ABCD,,1,1
2,1956年我国的社会主义改造对象是（）。,<p>A、官僚资本主义的社会主义改造</p><p>B、个体农业的社会主义改</p><p>C、手工业的社会主义改造</p><p>D、资本主义工商业的社会主义改造</p>,4,BCD,,1,1
2,"1957年4月,中共中央发出指示,决定在全党进行一次以正确处理人民内部矛盾为主题,以反对（）为内容的整风运动。",<p>A、官僚主义</p><p>B、党八股</p><p>C、宗派主义</p><p>D、主观主义</p>,4,ACD,,1,1
2,“文化大革命”全面发动的标志是（）。,<p>A、《评新编历史剧〈海瑞罢官〉》一文的发表</p><p>B、1966年5月中央政治局扩大会议召开</p><p>C、党的八届十一中全会召开</p><p>D、社会主义教育运动的展开</p>,4,BC,,1,1
2,"党的十二大提出,中国共产党同各国共产党发展关系要遵循的原则是（）。",<p>A、独立自主</p><p>B、完全平等</p><p>C、互相尊重</p><p>D、互不干涉内部事务</p>,4,ABCD,,1,1
2,1949年9月，中国人民政治协商会议通过了四项决定，以下属于这四项决定的是（）。,<p>A、以北京为新中国的首都</p><p>B、以五星红旗为新中国的国旗</p><p>C、在天安门广场建立人民英雄纪念碑</p><p>D、以《义勇军进行曲》为代国歌</p>,4,ABD,,1,1
2,20世纪中国人民在前进道路上经历的三次历史性巨大变化是（）。,<p>A、辛亥革命，推翻统治中国几千年的君主专制制度</p><p>B、五四运动，促进马克思主义在中国的传播及其与中国工人运动的结合</p><p>C、中华人民共和国的成立和社会主义制度的建立</p><p>D、改革开放，为实现社会主义现代化而奋斗</p>,4,ACD,,1,1
2,毛泽东思想的科学含义是（）,<p>A、马克思列宁主义在中国的运用和发展</p><p>B、毛泽东个人的思想</p><p>C、被实践证明了的关于中国革命和建设的正确的理论原则和经验总结</p><p>D、中国共产党集体智慧的结晶</p>,4,ACD,,1,1
2,新民主主义革命就是“新式的特殊的资产阶级民主主义革命”，它的基本特点是（）,<p>A、它有新的领导阶级即无产阶级</p><p>B、它有新的指导思想即马克思主义</p><p>C、它属于世界无产阶级革命的一部分</p><p>D、它有了新的前途，经过新民主主义革命进而达到社会主义的目标</p>,4,ABCD,,1,1
2,对个体农业、手工业和资本主义工商业进行社会主义改造，是为了（）,<p>A、确立社会主义生产关系</p><p>B、健全社会主义上层建筑</p><p>C、继续解放和发展生产力</p><p>D、为实现社会主义工业化创造必要条件</p>,4,ABCD,,1,1
2,在中共八大上，陈云提出了关于我国社会主义经济体制的设想，其主要点包括（）,<p>A、以国营经济为主体，以私营经济为补充</p><p>B、以国家与集体经营为主体，以个体经营为补充</p><p>C、以计划生产为主体，以自由生产为补充</p><p>D、以国家市场为主体，以自由市场为补充</p>,4,BCD,,1,1
2,1949年3月，毛泽东在中共七届二中全会的报告中提出的“两个务必”是指（）,<p>A、居安思危，增强忧患意识</p><p>B、保持同人民群众的血肉联系</p><p>C、保持谦虚、谨慎、不骄、不燥的作风</p><p>D、保持艰苦奋斗的作风</p>,4,CD,,1,1
2,邓小平在强调马克思主义要与中国实际相结合时，指出（）,<p>A、我国建设有中国特色的社会主义，是真正坚持了马克思主义</p><p>B、只有结合中国实际的马克思主义，才是我们所需要的真正的马克思主义</p><p>C、我们要坚持的马克思主义，必须是同中国实际相结合的马克思主义</p><p>D、真正的马克思主义者必须根据现在的情况，认识、继承和发展马列主义</p>,4,ABCD,,1,1
2,实事求是是毛泽东思想的精髓，是因为（）,<p>A、毛泽东在延安时为中央党校题了“实事求是”四个大字</p><p>B、实事求是是毛泽东思想的出发点、根本点</p><p>C、它是同毛泽东对中国革命道路的探索联系在一起的，是中国革命胜利的思想武器</p><p>D、实事求是与毛泽东思想紧密不可分</p>,4,BCD,,1,1
2,邓小平指出，建设社会主义（）,<p>A、必须把马克思主义的普遍真理同本国具体实际相结合</p><p>B、要一切从实际出发，走自己的路</p><p>C、没有固定的模式</p><p>D、必须大胆吸收和借鉴人类社会创造的一切文明成果</p>,4,ABCD,,1,1
2,社会主义初级阶段是我国建设社会主义不可逾越的一个历史阶段（）,<p>A、它反映了社会主义代替资本主义的客观必然性</p><p>B、它反映了我国建设社会主义的特殊性</p><p>C、它是由生产力落后、商品经济不发达的客观条件决定的</p><p>D、它的历史任务是实现工业化和经济的社会化、市场化、现代化</p>,4,BCD,,1,1
2,中共十六大报告指出，为完成党在新世纪新阶段全面建设小康社会的奋斗目标（）,<p>A、发展要有新思路</p><p>B、改革要有新突破</p><p>C、开放要有新局面</p><p>D、各项工作要有新举措</p>,4,ABCD,,1,1
2,社会主义市场经济体制的特征是（）,<p>A、以公有制为主体，多种所有制经济共同发展的所有制结构</p><p>B、以按劳分配为主体，多种分配方式并存的分配结构</p><p>C、宏观调控上，能更好地发挥计划和市场两种手段的长处</p><p>D、政府不直接干预企业的生产和经营</p>,4,ABC,,1,1
2,我国民主党派的参政作用表现在（）,<p>A、参加国家政权</p><p>B、参与国家大政方针、国家领导人选的协商</p><p>C、参与国家事务的管理</p><p>D、参与国家方针、政策、法律、法规的制定执行</p>,4,ABCD,,1,1
2,下列选项中，正确的观点有（）,<p>A、在社会主义社会，国家、集体和个人的利益在根本上是一致的</p><p>B、市场经济本身要求提倡集体主义</p><p>C、在社会主义市场经济条件下，“人人为我，我为人人”已不现实，取而代之的必然是“人人为自己，上帝为大家”</p><p>D、在社会主义市场经济条件下建设精神文明，应当引导人们形成把国家和集体利益放在首位而又充分尊重个人正当利益的社会主义义利观</p>,4,AD,,1,1
2,在处理国家之间的关系上，中国坚持的原则是（）,<p>A、相互尊重主权和领土完整</p><p>B、互不侵犯</p><p>C、互不干涉内政</p><p>D、平等互利和和平共处</p>,4,ABCD,,1,1
2,党在长期斗争中形成的三大优良作风（）,<p>A、理论联系实际</p><p>B、密切联系群众</p><p>C、为人民服务</p><p>D、批评与自我批评</p>,4,ABD,,1,1
2,要在中国实现工业化，首先要正确处理农业、轻工业和重工业的关系问题，为此，毛泽东提出的许多重要思想有（）,<p>A、发展工业和发展农业同时并举</p><p>B、多发展重工业，少发展一些农业、轻工业</p><p>C、以农业、轻工业、重工业为序安排国民经济的方针</p><p>D、以农业为基础、以工业为主导的总方针</p>,4,ACD,,1,1
2,马列主义、毛泽东思想、邓小平理论是一脉相承的统一的科学体系。因为（）,<p>A、它们产生的时代背景是一致的</p><p>B、它们的基本立场和方法是一致的</p><p>C、它们具体的理论观点是一样的</p><p>D、它们对根本任务和最终目标的认识是一样的</p>,4,BD,,1,1
2,邓小平理论是马克思主义在中国发展的新阶段，因为它（）,<p>A、开拓了马克思主义的新境界</p><p>B、把对社会主义的认识提高到了新的科学水平</p><p>C、对当今时代特点和总体国际形势做出了新的科学判断</p><p>D、形成了新的建设中国特色社会主义理论的科学体系</p>,4,ABCD,,1,1
2,邓小平提出在我国社会主义建设中，判断各方面工作是非得失的标准，归根到底看其是否有利于（）,<p>A、提高全民族的科学文化素质</p><p>B、发展社会主义社会的生产力</p><p>C、增强社会主义国家的综合国力</p><p>D、提高人民的生活水平</p>,4,BCD,,1,1
2,与时俱进，就是党的全部理论和工作要（）,<p>A、体现时代性</p><p>B、忠于实践性</p><p>C、把握规律性</p><p>D、富于创造性</p>,4,ACD,,1,1
2,"1980年8月26日，五届全国人大常委会第十五次会议通过决议，批准国务院提出的《广东省经济特区条例》和《福建省厦门经济特区条例》，决定在广东( )和福建厦门设置经济特区（）",<p>A、深圳</p><p>B、珠海</p><p>C、汕头</p><p>D、广州</p>,4,ABC,,1,1
2,1981年2月25日，全国总工会、共青团中央等九单位联合向全国人民特别是青少年发出倡议，开展以“五讲四美”为主要内容的文明礼貌活动。此后，这项活动又和“三热爱”活动相结合。“三热爱”指（）,<p>A、热爱祖国</p><p>B、热爱社会主义</p><p>C、热爱党</p><p>D、热爱人民</p>,4,ABC,,1,1
2,"党的十二大提出,中国共产党同各国共产党发展关系要遵循的原则是（）",<p>A、独立自主</p><p>B、完全平等</p><p>C、互相尊重</p><p>D、互不干涉内部事务</p>,4,ABCD,,1,1
2,"1989年12月,中共中央发出《关于坚持和完善中国共产党领导的多党合作和政治协商制度的意见，指出：中国共产党同各民主党派合作的基本方针是（）",<p>A、长期共存</p><p>B、互相监督</p><p>C、肝胆相照</p><p>D、荣辱与共</p>,4,ABCD,,1,1
2,邓小平在1992年南方谈话中提出的“三个有利于”是（）,<p>A、有利于发展社会主义社会的生产力</p><p>B、有利于增强社会主义国家的综合国力</p><p>C、有利于提高驾驭社会主义市场经济的能力</p><p>D、有利于提高人民的生活水平</p>,4,ABD,,1,1
2,"1994年1月,江泽民在全国宣传思想工作会议上提出,新时期宣传思想战线的主要任务是（）",<p>A、以科学的理论武装人</p><p>B、以正确的舆论引导人</p><p>C、以高尚的精神塑造人</p><p>D、以优秀的作品鼓舞人</p>,4,ABCD,,1,1
2,"根据党的十五大确定的任务,从1998年11月开始,全党在县级以上党政领导班子、领导干部中集中时间,分期分批开展以____为主要内容的党性党风教育（）",<p>A、讲政治</p><p>B、讲学习</p><p>C、讲奉献</p><p>D、讲正气</p>,4,ABD,,1,1
2,"2001年9月20日,中共中央印发《公民道德建设实施纲要》,提出在全社会大力倡导的基本道德规范是____、敬业奉献（）",<p>A、爱国守法</p><p>B、明礼诚信</p><p>C、团结友善</p><p>D、勤俭自强</p>,4,ABCD,,1,1
2,"2008年6月,胡锦涛在抗震救灾先进基层党组织和优秀共产党员代表座谈会讲话中,概括了抗震救灾精神的内涵,即万众一心、众志成城（）",<p>A、不畏艰险</p><p>B、百折不挠</p><p>C、以人为本</p><p>D、尊重科学</p>,4,ABCD,,1,1
2,"中国共产党第十七次全国代表大会提出了中国特色社会主义理论体系的科学命题，明确指出：“中国特色社会主义理论体系,就是包括____等重大战略思想在内的科学理论体系。”（）",<p>A、毛泽东思想</p><p>B、邓小平理论</p><p>C、“三个代表”重要思想</p><p>D、科学发展观</p>,4,BCD,,1,1
2,构建社会主义和谐社会的总要求是民主法治、公平正义（）,<p>A、诚信友爱</p><p>B、充满活力</p><p>C、安定有序</p><p>D、人与自然和谐相处</p>,4,ABCD,,1,1
2,中央组织部统计数据显示，截至2011年底，中国共产党党员总数达8260、2万名，比上年增加233、3万名，增长2、9%；党的基层组织总数达402、7万个，比上年增加13、5万个，增长3、5%。每一个党的基层组织和每一名中国共产党党员都应努力做到（）,<p>A、权为民所用</p><p>B、情为民所系</p><p>C、利为民所谋</p><p>D、自觉践行科学发展观</p>,4,ABCD,,1,1
2,中国共产党成立90年、执政60多年、领导改革开放30多年来，几代中国共产党人始终以实现中华民族伟大复兴为己任，坚持把马克思主义基本原理同中国具体实际相结合，团结带领全国各族人民不懈奋斗，战胜各种艰难险阻，不断取得革命、建设、改革的伟大胜利。我们从实践中得出的结论有（）,<p>A、没有共产党就没有新中国</p><p>B、只有社会主义才能救中国</p><p>C、只有社会主义才能发展中国</p><p>D、党的基本路线要永远坚持下去</p>,4,ABC,,1,1
2,作为小岗村党委第一书记，沈浩带领干部群众的6年探索与实践，推动小岗人走上了脱贫致富的道路，赢得了群众真诚的支持和拥护。他以忠诚和大爱，以创新和奋斗，以青春和生命，抒写了当代中国农村优秀基层干部的先进事迹和崇高精神。沈浩用他光辉而短暂的一生向人们昭示中国共产党（）,<p>A、是“三个代表”重要思想的忠实实践者</p><p>B、以全心全意为人民服务为宗旨</p><p>C、履行经济建设职能，带领人民走向富裕之路</p><p>D、是社会主义事业的领导核心</p>,4,ABC,,1,1
2,从1978年到2009年，我国国内生产总值由3645亿元增长到33、35万亿元，年均实际增长9、7％，是同期世界经济年均增长率的３倍多，2010年我国经济总量上升为世界第二。30多年的实践证明改革开放是（）,<p>A、决定当代中国命运的关键抉择</p><p>B、党执政兴国的第一要务</p><p>C、发展中国特色社会主义的必由之路</p><p>D、解决当代中国发展问题的权宜之计</p>,4,AC,,1,1
2,“十一五”时期是我国发展史上极不平凡的５年，也是我国改革开放和社会主义现代化建设取得新的重大成就的５年。我们办成了一系列大事，办好了一系列喜事，办妥了一系列难事……我们能够取得这些成绩，确实来之不易。这充分（）,<p>A、显示了我国日益增强的经济实力和综合国力</p><p>B、证明了中国特色社会主义道路的正确性</p><p>C、表明了社会主义制度能够集中力量办大事的优越性</p><p>D、体现了中华民族不畏艰险、自强不息的英雄气概和强大凝聚力。</p>,4,ABCD,,1,1
2,党的十七届五中全会高度评价“十一五”时期我国经济社会发展取得的巨大成就，认为我们党团结带领全国各族人民，紧紧抓住发展这个党执政兴国的第一要务，贯彻落实党的理论和路线方针政策，使国家面貌发生新的历史性变化，谱写了中国特色社会主义事业新篇章。因此我们要（）,<p>A、深入贯彻落实科学发展观</p><p>B、坚定不移地沿着中国特色社会主义道路走下去</p><p>C、坚定不移坚持党在社会主义初级阶段基本路线</p><p>D、高举中国特色社会主义伟大旗帜</p>,4,ABCD,,1,1
2,2010年5月17日至19日，中央新疆工作座谈会议在北京召开。胡锦涛提出新时期民族工作的主题是（）,<p>A、共同团结奋斗</p><p>B、共同繁荣发展</p><p>C、平等团结</p><p>D、互助和谐</p>,4,AB,,1,1
2,2011年中央一号文件《中共中央国务院关于加快水利改革发展的决定》1月29日全文发布。今后五年中国将基本建立最严格的水资源管理制度；将成为三道“红线”。这是新世纪以来连续第8个中央一号文件（）,<p>A、严格禁止高耗水型工业项目</p><p>B、用水总量控制</p><p>C、用水效率控制</p><p>D、水功能区限制纳污</p>,4,BCD,,1,1
2,2011年是中国共产党成立90周年，90年来，中国共产党为了民族独立、国家富强和人民幸福进行了艰苦卓绝的斗争，中国人民在中国共产党的领导下，彻底改变了旧中国四分五裂的局面，真正掌握了国家的命运，初步实现了国家的繁荣和富强，谱写了中华民族伟大复兴的壮丽篇章。历史雄辩地证明了（）,<p>A、坚持中国共产党的领导是社会主义现代化建设顺利进行的根本保证</p><p>B、党的执政地位是与生俱来，一劳永逸的</p><p>C、中国共产党对社会主义现代化建设的领导能力和领导水平不断提高</p><p>D、中国共产党是历史的创造者</p>,4,AC,,1,1
2,全面建设小康社会，必须毫不放松地加强和改善党的领导，全面推进党的建设新的伟大工程，保证我们党（）,<p>A、始终是中国工人阶级的先锋队，同时是中国人民和中华民族的先锋队</p><p>B、始终是中国特色社会主义事业领导核心</p><p>C、始终代表中国先进生产力的发展要求，代表中国先进文化的前进方向，代表中国最广大人民的根本利益</p><p>D、始终坚持马克思列宁主义和别国经验在中国全面、具体的运用</p>,4,ABC,,1,1
2,"“三个代表”重要思想是毛泽东思想、邓小平理论一脉相承的理论体系，这是因为它们( )。",<p>A、都是以马克思列宁主义为理论基础和思想来源</p><p>B、其基本内容是完全相同的</p><p>C、都以实现社会主义为目标，以解决中华民族的复兴为主题</p><p>D、有着共同的逻辑起点、共同的科学精神和共同的价值取向</p>,4,ACD,,1,1
2,"“三个代表”重要思想标志着我们党对( )的认识达到了新水平新高度",<p>A、共产党的执政规律</p><p>B、社会主义建设的规律</p><p>C、市场经济发展的规律</p><p>D、人类社会发展的规律</p>,4,ABD,,1,1
2,“三个代表”重要思想是（）,<p>A、是对马克思列宁主义、毛泽东思想和邓小平理论的继承和发展</p><p>B、反映了当代世界和中国的发展变化对党和国家工作的新要求</p><p>C、是加强和改进党的建设、推进我国社会主义自我完善和发展的强大理论武器</p><p>D、是中国共产党集体智慧的结晶，是党必须长期坚持的指导思想</p>,4,ABCD,,1,1
2,先进文化是（）,<p>A、杰出人物的书籍</p><p>B、人类文明进步的结晶</p><p>C、健康的、科学的、向上的、代表未来发展方向和推动社会前进的文化</p><p>D、造诣很高的文化艺术</p>,4,BC,,1,1
2,贯彻“三个代表”重要思想，必须（）,<p>A、使全党始终保持与时俱进的精神状态，不断开拓马克思主义理论发展的新境界</p><p>B、把发展作为党执政兴国的第一要务，不断开创现代化建设的新局面</p><p>C、最广泛最充分地调动一切积极因素，不断为中华民族的伟大复兴增添新力量</p><p>D、以改革的精神推进党的建设，不断为党的肌体注入新活力</p>,4,ABCD,,1,1
2,“三个代表”重要思想之所以成为加强和改进党的建设的根本指导思想，是因为（）,<p>A、它为如何加强和改进党的领导指明了方向</p><p>B、它为全面建设小康社会指明了方向</p><p>C、它为党的建设提出了新的更高要求</p><p>D、它指出了加强和改进党的建设的衡量标准</p>,4,ACD,,1,1
2,党的思想路线的重新确立的意义是（）,<p>A、保证了拨乱反正的顺利进行</p><p>B、推动了改革开放的伟大实践的发展</p><p>C、保证了党的政治路线的贯彻执行</p><p>D、保证了毛泽东思想的正确性</p>,4,ABC,,1,1
2,党的第三代领导集体提出“三个代表”重要思想，就是要回答（）,<p>A、什么是社会主义，怎样建设社会主义</p><p>B、中国处在什么发展阶段</p><p>C、建设什么样的党</p><p>D、怎样建设党</p>,4,CD,,1,1
2,党要代表先进文化前进方向就是党的全部理论和实践必须努力（）,<p>A、体现发展面向现代化、面向世界、面向未来的社会主义文化的要求</p><p>B、体现发展民族的科学的大众的社会主义文化的要求</p><p>C、促进全民族思想道德素质和科学文化素质的不断提高</p><p>D、为我国经济发展和社会进步提供精神动力和智力支持</p>,4,ABCD,,1,1
2,党的十七大强调，深入贯彻落实科学发展观，要求我们（）,<p>A、始终坚持“一个中心、两个基本点”的基本路线</p><p>B、积极构建社会主义和谐社会</p><p>C、继续深化改革开放</p><p>D、切实加强和改进党的建设</p>,4,ABCD,,1,1
2,深入贯彻落实科学发展观对加强党的执政能力建设提出了新要求，要求我们在运用科学发展观指导经济社会发展的实践中，不断提高（）,<p>A、驾驭社会主义市场经济的能力</p><p>B、发展社会主义民主政治的能力</p><p>C、建设社会主义先进文化的能力</p><p>D、构建社会主义和谐社会的能力</p>,4,ABCD,,1,1
2,"中央要求，在全党开展深入学习实践科学发展观活动，广大党员、干部要着力把科学发展观的要求转化为( )，切实推动科学发展观的贯彻落实.（）",<p>A、谋划发展的正确思路</p><p>B、促进发展的政策措施</p><p>C、领导发展的实际能力</p><p>D、提高GDP的具体做法</p>,4,ABC,,1,1
2,"科学发展观，是对党的三代中央领导集体关于发展的重要思想的继承和发展，是( ).",<p>A、马克思主义关于发展的世界观和方法论的集中体现</p><p>B、同马克思列宁主义、毛泽东思想、邓小平理论和“三个代表”重要思想既一脉相承又与时俱进的科学理论</p><p>C、我国经济社会发展的重要指导方针</p><p>D、发展中国特色社会主义必须坚持和贯彻的重大战略思想</p>,4,ABCD,,1,1
2,坚持以人为本，就是要坚持（）,<p>A、发展为了人民</p><p>B、发展依靠人民</p><p>C、发展成果由人民共享</p><p>D、实现人的全面发展</p>,4,ABCD,,1,1
2,坚持全面可持续发展，要全面推进（）,<p>A、经济建设</p><p>B、政治建设</p><p>C、文化建设</p><p>D、生态文明建设</p>,4,ABCD,,1,1
2,坚持统筹发展，就是要统筹（）,<p>A、城乡、区域协调发展</p><p>B、对内开放和对外开放协调发展</p><p>C、经济社会协调发展</p><p>D、人与自然和谐协调发展</p>,4,ABCD,,1,1
2,从马克思主义历史观来深刻认识和把握科学发展观，下列说法正确的有（）,<p>A、人类社会的存在和发展一刻也离不开自然</p><p>B、人类社会的发展要受到政治、文化、意识等因素和其他社会因素的制约</p><p>C、生产关系是决定社会发展的根本力量</p><p>D、人类社会发展的内在动力就是社会矛盾的不断解决</p>,4,ABD,,1,1
2,"科学发展观着眼于( )，在发展道路、发展模式、发展战略、发展动力、发展目的和发展要求等方面提出了一系列新的思想观点.（）",<p>A、丰富发展内涵</p><p>B、创新发展观念</p><p>C、开拓发展思路</p><p>D、破解发展难题</p>,4,ABCD,,1,1
2,"科学发展观要求，把加快经济发展，建立在( )的基础上.（）",<p>A、提高速度</p><p>B、优化结构</p><p>C、提高质量和效益</p><p>D、增加GDP</p>,4,BC,,1,1
2,中国特色社会主义包括（）三个相互联系的组成部分。（）,<p>A、中国特色社会主义经济</p><p>B、中国特色社会主义道路</p><p>C、中国特色社会主义理论体系</p><p>D、中国特色社会主义制度</p>,4,BCD,,2,1
2,始终做到“三个代表”，是我们党的（）。（）,<p>A、第一要务</p><p>B、立党之本</p><p>C、执政之基</p><p>D、力量之源</p>,4,BCD,,2,1
2,中国共产党按照（）、（）、（）、互不干涉内部事务的原则，发展我党同各国共产党和其他政党的关系。（）,<p>A、独立自主</p><p>B、完全平等</p><p>C、互利共赢</p><p>D、互相尊重</p>,4,ABD,,2,1
2,要不断提高党的创造力、凝聚力、战斗力，建设（）、（）、（）的马克思主义执政党。（）,<p>A、创新型</p><p>B、学习型</p><p>C、服务型</p><p>D、为民型</p>,4,ABC,,2,1
2,坚持不懈地反对腐败，加强党风建设和廉政建设，必须坚持（）、（）、惩防并举、（）的方针，建立健全惩治和预防腐败体系。（）,<p>A、加大力度</p><p>B、标本兼治</p><p>C、综合治理</p><p>D、注重预防</p>,4,BCD,,2,1
2,党要适应改革开放和社会主义现代化建设的要求，坚持（）、（）、（），加强和改善党的领导。（）,<p>A、科学执政</p><p>B、民主执政</p><p>C、依法执政</p><p>D、为民执政</p>,4,ABC,,2,1
2,党必须适应形势的发展和情况的变化，（），（），改进领导方式。（）,<p>A、完善领导体制</p><p>B、科学民主决策</p><p>C、增强执政能力</p><p>D、提高执政水平</p>,4,AC,,2,1
2,构建社会主义和谐社会的总要求是民主法治、（）、诚信友爱、（）、（）、人与自然和谐相处。（）,<p>A、公平正义</p><p>B、统筹兼顾</p><p>C、充满活力</p><p>D、安定有序</p>,4,ACD,,2,1
2,十六大以来，党中央坚持以邓小平理论和“三个代表”重要思想为指导，根据新的发展要求，集中全党智慧，提出了（）、（）的科学发展观。（）,<p>A、以经济建设为中心</p><p>B、以人为本</p><p>C、全面协调统筹持续发展</p><p>D、全面协调可持续发展</p>,4,BD,,2,1
2,科学发展观，是同马克思列宁主义、毛泽东思想、邓小平理论和“三个代表”重要思想既一脉相承又与时俱进的（），是我国经济社会发展的（），是发展中国特色社会主义必须坚持和贯彻的（）。（）,<p>A、重要理论</p><p>B、科学理论</p><p>C、重要指导方针</p><p>D、重大战略思想</p>,4,BCD,,2,1
2,毛泽东思想是（）在中国的运用和发展，是被实践证明了的关于（）的正确的理论原则和经验总结，是中国共产党集体智慧的结晶。（）,<p>A、科学社会主义</p><p>B、马克思列宁主义</p><p>C、中国革命和建设</p><p>D、中国特色社会主义建设</p>,4,BC,,2,1
2,邓小平理论是马克思列宁主义的基本原理同（）相结合的产物，是毛泽东思想在新的历史条件下的继承和发展，是（）在中国发展的新阶段，是（），是中国共产党集体智慧的结晶。（）,<p>A、中国革命实践</p><p>B、当代中国实践和时代特征</p><p>C、马克思主义</p><p>D、当代中国的马克思主义</p>,4,BCD,,2,1
2,新世纪，党的三大历史任务是。（）,<p>A、全面建成小康社会</p><p>B、实现推进现代化建设</p><p>C、完成祖国统一</p><p>D、维护世界和平与促进共同发展</p>,4,BCD,,2,1
2,和平共处五项原则的内容是：（）、互不侵犯、（）、平等互利、和平共处。（）,<p>A、互相尊重主权和领土完整</p><p>B、互不干涉内政</p><p>C、维护世界和平</p><p>D、加强合作</p>,4,AB,,2,1
2,党在社会主义初级阶段的基本路线是：领导和团结全国各族人民，以经济建设为中心，坚持（），坚持改革开放，（），艰苦创业，为把我国建设成为富强民主文明和谐的社会主义现代化国家而奋斗。（）,<p>A、社会主义道路</p><p>B、四项基本原则</p><p>C、党的领导</p><p>D、自力更生</p>,4,BD,,2,1
2,要抓紧时机，加快发展，实施（）、人才强国战略和（），充分发挥（）作为第一生产力的作用，依靠科技进步，提高劳动者素质，促进国民经济又好又快发展。（）,<p>A、科教兴国战略</p><p>B、可持续发展战略</p><p>C、依法治国战略</p><p>D、科学技术</p>,4,ABD,,2,1
2,改革开放应当（），勇于开拓，提高改革决策的科学性，增强（）的协调性，在实践中开创新路。（）,<p>A、解放思想</p><p>B、大胆探索</p><p>C、改革方案</p><p>D、改革措施</p>,4,BD,,2,1
2,发展更加广泛、更加充分、更加健全的人民民主，切实保障人民管理（）事务和社会事务、管理经济和（）事业的权利。（）,<p>A、国家</p><p>B、党内</p><p>C、政治</p><p>D、文化</p>,4,BD,,2,1
2,发展社会主义（），为改革开放和社会主义现代化建设提供强大的（）保证、精神动力和智力支持。（）,<p>A、民主政治</p><p>B、先进文化</p><p>C、思想</p><p>D、政治</p>,4,BC,,2,1
2,建设社会主义生态文明的方针是。（）,<p>A、节约优先</p><p>B、保护优先</p><p>C、合理开发</p><p>D、自然恢复为主</p>,4,ABD,,2,1
2,党的建设必须坚决实现的基本要求是坚持（）。坚持解放思想，实事求是，与时俱进，求真务实。坚持（）。坚持民主集中制。（）,<p>A、党的基本路线</p><p>B、从严治党</p><p>C、全心全意为人民服务</p><p>D、党要管党</p>,4,AC,,2,1
2,要正确认识和妥善处理中国特色社会主义事业中的重大关系，统筹（）、区域发展、（）、人与自然和谐发展、（）。（）,<p>A、城乡发展</p><p>B、经济社会发展</p><p>C、国内发展和对外开放</p><p>D、当前利益和长远利益</p>,4,ABC,,2,1
2,党员必须维护党的（），对党忠诚老实，言行一致，坚决反对一切派别组织和小集团活动，反对阳奉阴违的两面派行为和一切（）。（）,<p>A、形象和声誉</p><p>B、团结和统一</p><p>C、违法活动</p><p>D、阴谋诡计</p>,4,BD,,2,1
2,下列（）属于党员的权利。（）,<p>A、有权接受党的教育和培训</p><p>B、有权在党的会议上和党报党刊上，参加关于党的政策问题的讨论</p><p>C、有权对党的工作提出建议和倡议</p><p>D、有权要求开除违法乱纪的党员</p>,4,ABC,,2,1
2,党的地方各级代表大会和基层代表大会的选举，如果发生违反（）的情况，上一级党的委员会在调查核实后，应作出选举（）和采取相应措施的决定，并报再上一级党的委员会审查批准，正式宣布执行。（）,<p>A、宪法</p><p>B、党章</p><p>C、无效</p><p>D、取消</p>,4,BC,,2,1
2,在党的地方各级代表大会和（）闭会期间，（）认为有必要时，可以调动或者指派下级党组织的负责人。（）,<p>A、基层代表大会</p><p>B、支部大会</p><p>C、上级党的组织</p><p>D、基层党组织</p>,4,AC,,2,1
2,有关全国性的重大政策问题，只有（）有权作出决定，各部门、各地方的党组织可以向（）提出建议，但不得擅自作出决定和对外发表主张。（）,<p>A、党中央</p><p>B、政治局常委</p><p>C、人大</p><p>D、中央</p>,4,AD,,2,1
2,下级组织如果认为上级组织的决定不符合本地区、本部门的实际情况，可以请求改变（）；如果上级组织坚持原决定，下级组织必须执行，并不得（），但有权向再上一级组织报告。（）,<p>A、取消</p><p>B、改变</p><p>C、不执行</p><p>D、公开发表不同意见</p>,4,BD,,2,1
2,中央委员会委员出缺，由（）按照（）依次递补。（）,<p>A、中央候补委员</p><p>B、政治局委员</p><p>C、得票多少</p><p>D、职务高低</p>,4,AC,,2,1
2,党的中央政治局、中央政治局常务委员会和中央委员会总书记，由（）选举。中央委员会总书记必须从中央政治局（）中产生。（）,<p>A、中央委员会全体会议</p><p>B、全国代表大会</p><p>C、常务委员会委员</p><p>D、政治局委员</p>,4,AC,,2,1
2,中央书记处成员由（）会提名，（）通过。（）,<p>A、中央委员会总书记</p><p>B、中央政治局常务委员</p><p>C、中央委员会全体会议</p><p>D、全国党代会</p>,4,BC,,2,1
2,党的地方各级代表大会代表的名额和（）选举办法，由（）党的委员会决定，并报上一级党的委员会批准。（）,<p>A、选举办法</p><p>B、候选人</p><p>C、同级</p><p>D、基层</p>,4,AC,,2,1
2,党的地方各级代表大会的职权是：听取和审查（）委员会的报告；听取和审查同级（）的报告；讨论本地区范围内的重大问题并作出决议；选举同级党的委员会，选举同级党的纪律检查委员会。（）,<p>A、同级</p><p>B、下级</p><p>C、党的委员会</p><p>D、纪律检查委员会</p>,4,AD,,2,1
2,党的地方各级委员会的（）定期向委员会全体会议报告工作，接受（）。（）,<p>A、常务委员会</p><p>B、常委</p><p>C、审查</p><p>D、监督</p>,4,AD,,2,1
2,党的地区委员会和相当于地区委员会的组织，是党的省、自治区委员会在几个（）范围内派出的代表（）机关。它根据（）的授权，领导本地区的工作。（）,<p>A、代表</p><p>B、领导</p><p>C、县、自治县、市</p><p>D、省、自治区委员会</p>,4,AD,,2,1
2,党的基层组织，根据工作需要和党员人数，经（）党组织批准，分别设立党的（）、总支部委员会、支部委员会。（）,<p>A、同级</p><p>B、上级</p><p>C、基层委员会</p><p>D、纪检委员会</p>,4,BC,,2,1
2,基层委员会由党员大会或（）选举产生，总支部委员会和支部委员会由（）选举产生。（）,<p>A、党小组会</p><p>B、代表大会</p><p>C、基层委员会</p><p>D、党员大会</p>,4,BD,,2,1
2,党的基层组织应对党员进行教育、管理、监督和（），提高党员素质，增强党性，严格党的组织生活，开展批评和自我批评，维护和执行党的纪律，监督党员切实履行义务，保障党员的权利不受侵犯，加强和改进（）。（）,<p>A、领导</p><p>B、服务</p><p>C、党组织建设</p><p>D、流动党员管理</p>,4,BD,,2,1
2,党组织应充分发挥党员和群众的积极性创造性，发现、培养和推荐他们中间的（），鼓励和支持他们在（）和社会主义现代化建设中贡献自己的聪明才智。（）,<p>A、优秀人才</p><p>B、先进典型</p><p>C、岗位工作</p><p>D、改革开放</p>,4,AD,,2,1
2,党的各级领导干部必须模范地履行党章第（）条所规定的党员的各项（）。（）,<p>A、三</p><p>B、四</p><p>C、权利</p><p>D、义务</p>,4,AD,,2,1
2,领导干部应坚持和维护党的（），有（）作风，有全局观念，善于团结同志，包括团结同自己有不同意见的同志一道工作。（）,<p>A、民主</p><p>B、良好</p><p>C、民主集中制</p><p>D、团结统一</p>,4,ABC,,2,1
2,党员干部要善于同（）合作共事，（）他们，虚心学习他们的长处。（）,<p>A、普通群众</p><p>B、党外干部</p><p>C、尊重</p><p>D、善待</p>,4,BC,,2,1
2,（）和健康状况不适宜于继续担任工作的干部，应当按照（）的规定退、离休。（）,<p>A、年龄</p><p>B、能力</p><p>C、国家</p><p>D、党组织</p>,4,AC,,2,1
2,党内严格禁止用违反党章和（）的手段对待党员，严格禁止打击报复和诬告陷害。违反这些规定的组织或（）必须受到党的纪律和国家法律的追究。（）,<p>A、党的纪律</p><p>B、国家法律</p><p>C、个人</p><p>D、领导</p>,4,BC,,2,1
2,党的各级纪律检查委员会的主要任务是：维护党的章程和（），检查党的路线、方针、政策和决议的执行情况，（）党的委员会加强党风建设和组织协调反腐败工作。（）,<p>A、国家法律</p><p>B、其他党内法规</p><p>C、协助</p><p>D、指导</p>,4,BC,,2,1
2,各级纪律检查委员会要经常对党员进行（）的教育，对（）行使权力进行监督。（）,<p>A、遵守纪律</p><p>B、遵纪守法</p><p>C、领导干部</p><p>D、党员领导干部</p>,4,AD,,2,1
2,党要坚决支持共青团根据（）的特点和需要，（）地、富于创造性地进行工作。（）,<p>A、青年</p><p>B、广大青年</p><p>C、生动活泼</p><p>D、积极</p>,4,BC,,2,1
2,<p>中国共产党代表（）的发展要求，代表中国先进文化的前进方向，代表中国最广大人民的（）。（）</p>,"<p>A、小康社会建设</p>

<p>B、中国先进生产力</p>

<p>C、根本意志</p>

<p>D、根本利益</p>",4,BCD,,2,1
2,中国共产党以马克思列宁主义、毛泽东思想、（）、“三个代表”重要思想和（）作为自己的行动指南。（）,<p>A、邓小平理论</p><p>B、科学发展观</p><p>C、中国特色社会主义理论</p><p>D、社会主义荣辱观</p>,4,AB,,2,1
2,改革开放以来我们取得一切成绩和进步的根本原因，归结起来就是：（），（），（）。（）,<p>A、开辟了中国特色社会主义道路</p><p>B、形成了中国特色社会主义理论体系</p><p>C、确立了中国特色社会主义目标</p><p>D、确立了中国特色社会主义制度</p>,4,ABD,,2,1
2,在社会主义初级阶段，必须坚持和完善（）为主体、多种所有制经济共同发展的（）经济制度。（）,<p>A、全民所有制</p><p>B、公有制</p><p>C、基本</p><p>D、根本</p>,4,BC,,2,1
2,“三个代表”重要思想反映了当代世界和中国的发展变化对（）的新要求，是加强和改进党的建设、推进我国社会主义（）和发展的强大（）武器。（）,<p>A、党的工作</p><p>B、党和国家工作</p><p>C、自我完善</p><p>D、理论</p>,4,BCD,,2,1
2,党和国家的各项工作都要把有利于发展社会主义社会的生产力，有利于增强（），有利于提高（），作为总的出发点和检验标准。（）,<p>A、社会主义国家的综合国力</p><p>B、社会主义国家的经济实力</p><p>C、人民的生活水平</p><p>D、人民的和谐幸福</p>,4,AC,,2,1
2,必须按照中国特色社会主义事业总体布局，全面推进经济建设、政治建设、文化建设、（）、（）。（）,<p>A、制度建设</p><p>B、社会建设</p><p>C、作风建设</p><p>D、生态文明建设</p>,4,BD,,2,1
2,我国社会主义建设的根本任务，是进一步解放（），发展生产力，逐步实现（），并且为此而改革生产关系和上层建筑中不适应生产力发展的方面和环节。（）,<p>A、思想</p><p>B、生产力</p><p>C、社会主义现代化</p><p>D、共产主义</p>,4,,,2,1
2,党的各项工作要做到发展为了人民、（）依靠人民、（）由人民共享。（）,<p>A、建设</p><p>B、发展</p><p>C、经济成果</p><p>D、发展成果</p>,4,BD,,2,1
2,坚持社会主义道路、坚持（）、坚持（）、坚持马克思列宁主义毛泽东思想这四项基本原则，是我们的立国之本。（）,<p>A、改革开放</p><p>B、人民民主专政</p><p>C、以经济建设为中心</p><p>D、中国共产党的领导</p>,4,BD,,2,1
2,中国共产党领导人民发展社会主义民主政治。坚持（）、人民当家作主、（）有机统一，走中国特色社会主义政治发展道路。（）,<p>A、党的领导</p><p>B、社会主义道路</p><p>C、民主决策</p><p>D、依法治国</p>,4,AD,,2,1
2,共产党员必须（），模范遵守（），严格保守党和国家的秘密，执行党的决定，服从组织分配，（）。（）,<p>A、自觉遵守党的纪律</p><p>B、国家的法律法规</p><p>C、认真做好本职工作</p><p>D、积极完成党的任务</p>,4,ABD,,2,1
2,凡属重大问题，党的各级委员会都要按照集体领导、（）、个别酝酿、（）的原则，由党的委员会集体讨论，作出决定。（）,<p>A、党员参与</p><p>B、民主集中</p><p>C、会议决定</p><p>D、求真务实</p>,4,BC,,2,1
2,党的全国代表大会的职权是：（）；听取和审查中央纪律检查委员会的报告；讨论并决定党的重大问题；（）；选举中央委员会；选举中央纪律检查委员会。（）,<p>A、听取和审查中央委员会的报告</p><p>B、解释党的章程</p><p>C、修改党的章程</p><p>D、选举中央政治局</p>,4,AC,,2,1
2,党组织对违犯党的纪律的党员，应当本着（）的精神，按照错误性质和情节轻重，给以批评教育直至（）。（）,<p>A、从严治党</p><p>B、惩前毖后、治病救人</p><p>C、纪律处分</p><p>D、开除党籍</p>,4,BC,,2,1
2,加强各级领导班子建设，选拔使用在改革开放和社会主义现代化建设中政绩突出、（）的干部，培养和造就千百万社会主义事业接班人，从组织上保证党的基本理论、基本路线、基本纲领、（）的贯彻落实。（）,<p>A、坚持原则</p><p>B、群众信任</p><p>C、方针政策</p><p>D、基本经验</p>,4,BD,,2,1
2,中国特色社会主义道路是实现途径，（）是行动指南，中国特色社会主义制度是根本保障，三者统一于中国特色社会主义伟大实践，这是党领导人民在建设社会主义长期实践中（）。（）,<p>A、马克思主义</p><p>B、中国特色社会主义理论体系</p><p>C、得出的基本经验</p><p>D、形成的最鲜明特色</p>,4,BD,,2,1
2,改革开放应当（），勇于开拓，提高改革决策的科学性，增强改革措施的（），在实践中开创新路。（）,<p>A、解放思想</p><p>B、大胆探索</p><p>C、协调性</p><p>D、规范化</p>,4,BC,,2,1
2,党员要坚持（）的利益高于一切，个人利益服从党和人民的利益，吃苦在前，享受在后，（），多做贡献。（）,<p>A、党和党组织</p><p>B、党和人民</p><p>C、克己奉公</p><p>D、努力工作</p>,4,BC,,2,1
2,下列表述中，正确的是。（）,<p>A、邓小平理论是毛泽东思想在新的历史条件下的继承和发展</p><p>B、邓小平理论是马克思主义在中国发展的新阶段</p><p>C、科学发展观，是同马克思列宁主义、毛泽东思想、邓小平理论、“三个代表”重要思想既一脉相承又与时俱进的科学理论</p><p>D、科学发展观是马克思主义中国化最新成果</p>,4,ABCD,,2,1
2,党的纪律处分有警告、（）、（）、留党察看、（）五种。（）,<p>A、记过</p><p>B、严重警告</p><p>C、撤销党内职务</p><p>D、开除党籍</p>,4,BCD,,2,1
2,党选拔干部坚持（）、（），反对任人唯亲。（）,<p>A、五湖四海</p><p>B、德才兼备</p><p>C、政绩突出</p><p>D、任人唯贤</p>,4,AD,,2,1
2,"党的基层组织要宣传和执行党的路线、方针、政策，宣传和执行党中央、上级组织和本组织的决议，充分发挥党员的（），（），团结、组织党内外的干部和群众，努力完成本单位所担负的任务。
（）",<p>A、积极性创造性</p><p>B、先锋模范作用</p><p>C、积极创先争优</p><p>D、密切联系群众</p>,4,BC,,2,1
2,实行党委领导下的行政领导人负责制的事业单位中党的基层组织，对重大问题进行讨论和（），同时保证（）充分行使自己的职权。（）,<p>A、作出决定</p><p>B、提出建议</p><p>C、行政领导人</p><p>D、党组织负责人</p>,4,AC,,2,1
2,党的民主集中制的基本原则的“四个服从”，即（），（），（），全党各个组织和全体党员服从党的全国代表大会和中央委员会。（）,<p>A、党员个人服从党的组织</p><p>B、少数服从多数</p><p>C、下级组织服从上级组织</p><p>D、错误意见服从正确意见</p>,4,ABC,,2,1
2,党员缺乏革命意志，（），（），经党的支部对其进行教育并在限期内仍无改正和转变的，党组织应当劝其退党。（）,<p>A、不履行党员义务</p><p>B、不行使党员权利</p><p>C、不符合党员条件</p><p>D、不按时交纳党费</p>,4,AC,,2,1
2,入党誓词如下：我志愿加入中国共产党，拥护党的纲领，（），履行党员义务，执行党的决定，严守党的纪律，保守党的秘密，（），积极工作，为（）奋斗终身，随时准备为党和人民牺牲一切，永不叛党。（）,<p>A、遵守党的章程</p><p>B、对党忠诚</p><p>C、中国特色社会主义事业</p><p>D、共产主义</p>,4,ABD,,2,1
2,入党介绍人的任务是认真了解（）的思想、品质、经历和工作表现，向他解释（），说明党员的条件、义务和权利，并向党组织作出负责的报告。（）,<p>A、申请人</p><p>B、培养对象</p><p>C、党的纲领和党的章程</p><p>D、党的路线方针政策</p>,4,AC,,2,1
2,要以改革创新精神全面推进党的建设新的伟大工程，整体推进党的（）、组织建设、作风建设、（）、制度建设，全面提高党的建设科学化水平。（）,<p>A、理论建设</p><p>B、思想建设</p><p>C、政治建设</p><p>D、反腐倡廉建设</p>,4,BD,,2,1
2,中国共产党要领导全国各族人民实现社会主义现代化的宏伟目标，必须紧密围绕（），加强党的执政能力建设、（）建设。（）,<p>A、党的基本路线</p><p>B、党的奋斗目标</p><p>C、作风建设</p><p>D、先进性和纯洁性</p>,4,AD,,2,1
2,中国共产党坚持（）的和平外交政策，坚持和平发展道路，坚持互利共赢的开放战略，统筹（）两个大局，积极发展对外关系，努力为我国的改革开放和现代化建设争取有利的国际环境。（）,<p>A、和平共处</p><p>B、独立自主</p><p>C、国内国际</p><p>D、和平发展</p>,4,BC,,2,1
2,新时期的统一战线是在中国共产党领导下由（）、社会主义事业的建设者、拥护社会主义的爱国者、拥护祖国统一的（）组成的最广泛的爱国统一战线。（）,<p>A、全体社会主义劳动者</p><p>B、全国各族人民</p><p>C、海外侨胞</p><p>D、爱国者</p>,4,AD,,2,1
2,下列表述中，错误的是。（）,<p>A、党员有权在党的会议上任意地批评党的任何组织和任何党员</p><p>B、党员有退党的自由</p><p>C、预备党员的权利，除了没有表决权以外，同正式党员一样</p><p>D、每个党员，不论职务高低，都必须编入党的一个支部、小组或其他特定组织</p>,4,AC,,2,1
2,禁止党员领导干部利用职权和职务上的影响谋取不正当利益，不准有以下哪些行为：（）。,<p>A、索取、接受或者以借为名占用管理和服务对象以及其他与行使职权有关系的单位或者个人的财物；</p><p>B、以交易、委托理财等形式谋取不正当利益；</p><p>C、利用知悉或者掌握的内幕信息谋取利益；</p><p>D、违反规定多占住房，或者违反规定买卖经济适用房、廉租住房等保障性住房。</p>,4,ABCD,,3,1
2,禁止违反规定选拔任用干部，不准有以下哪些行为：（）。,<p>A、采取不正当手段为本人或者他人谋取职位；</p><p>B、不按照规定程序推荐、考察、酝酿、讨论决定任免干部；</p><p>C、私自泄露民主推荐、民主测评、考察、酝酿、讨论决定干部等有关情况；</p><p>D、在民主推荐、民主测评、组织考察和选举中搞拉票等非组织活动。</p>,4,ABCD,,3,1
2,禁止党员领导干部利用职权和职务上的影响为（）谋取利益。（）,<p>A、配偶</p><p>B、子女及其配偶</p><p>C、其他亲属</p><p>D、身边工作人员</p>,4,ABCD,,3,1
2,禁止党员领导干部讲排场、比阔气、挥霍公款、铺张浪费，不准有以下哪些行为：（）。,<p>A、违反规定决定或者批准兴建、装修办公楼、培训中心等楼堂馆所，超标准配备、使用办公用房和办公用品</p><p>B、擅自用公款包租、占用客房供个人使用</p><p>C、违反规定配备、购买、更换、装饰或者使用小汽车</p><p>D、决定或者批准用公款举办有关庆典活动</p>,4,ABCD,,3,1
2,禁止党员领导干部违反规定干预和插手市场经济活动，谋取私利。不准有以下哪些行为：（）。,<p>A、干预和插手建设工程项目承发包、土地使用权出让、政府采购、房地产开发与经营、矿产资源开发利用、中介机构服务等市场经济活动；</p><p>B、干预和插手国有企业重组改制、兼并、破产、产权交易、清产核资、资产评估、资产转让、重大项目投资以及其他重大经营活动等事项；</p><p>C、干预和插手批办各类行政许可和资金借贷等事项；</p><p>D、干预和插手经济纠纷。</p>,4,ABCD,,3,1
2,,<p>A、</p><p>B、</p><p>C、</p><p>D、</p>,4,,,3,1
2,禁止党员领导干部脱离实际，弄虚作假，损害群众利益和党群干群关系，不准有以下哪些行为：（）。,<p>A、搞劳民伤财的“形象工程”和沽名钓誉的“政绩工程”；</p><p>B、虚报工作业绩；</p><p>C、在社会保障、政策扶持、救灾救济款物分配等事项中优亲厚友、显失公平；</p><p>D、获取荣誉、职称、学历学位等利益。</p>,4,ABC,,3,1
2,《廉政准则》总则中强调了（）。,<p>A、党风廉政建设的重要性和规范党员领导干部廉洁从政行为的重大意义；</p><p>B、对党员领导干部廉洁从政的基本要求；</p><p>C、促进党员领导干部廉洁从政的基本举措；</p><p>D、廉洁自律的极端重要性。</p>,4,BC,,3,1
2,《廉政准则》第二章强调了贯彻实施的（）。,<p>A、组织领导；</p><p>B、基本途径；</p><p>C、考核办法；</p><p>D、对违反本准则的处置以及对实施本准则的监督。</p>,4,ABCD,,3,1
2,《廉政准则》规定，党员领导干部不准在（）中搞拉票等非组织活动。（）,<p>A、民主推荐</p><p>B、民主测评</p><p>C、组织考察</p><p>D、选举</p>,4,ABCD,,3,1
2,特定关系人是指国家工作人员的（）。,<p>A、近亲属</p><p>B、情妇（夫）</p><p>C、其他有共同利益关系的人</p><p>D、下属人员</p>,4,ABCD,,3,1
2,反腐倡廉建设必须坚持（）的方针。（）,<p>A、标本兼治</p><p>B、综合治理</p><p>C、惩防并举</p><p>D、注重预防</p>,4,ABCD,,3,1
2,《廉政准则》规定，党员领导干部不准违反规定（）小汽车。（）,<p>A、配备、购买</p><p>B、更换</p><p>C、装饰</p><p>D、使用</p>,4,ABCD,,3,1
2,"<p>《廉政准则》规定，党员领导干部不准干预和插手农村集体资金、资产和资源的（）等事项。（） -----</p>

<p>&nbsp;</p>","<p>A、使用</p>

<p>B、分配</p>

<p>C、承包</p>

<p>D、租赁</p>",4,ABCD,<p>3</p>,1,1
2,《廉政准则》适用于（）。（）,<p>A、党的机关、人大机关、行政机关、政协机关、审判机关、检察机关中县(处)级以上党员领导干部；</p><p>B、人民团体、事业单位中相当于县(处)级以上党员领导干部；</p><p>C、国有和国有控股企业(含国有和国有控股金融企业)及其分支机构领导人员中的党员参照执行；</p><p>D、县(市、区、旗)直属机关、审判机关、检察机关的科级党员负责人，乡镇(街道)党员负责人，基层站所的党员负责人参照执行。</p>,4,ABCD,,3,1
2,下列那种行为一定违反了《廉政准则》中关于禁止违反规定选拔任用干部的规定？（）,<p>A、向当事人通告民主测评的情况及结果；</p><p>B、在工作调动时突击提拔干部；</p><p>C、给原任职地区干部选拔工作提出自己的建议和意见；</p><p>D、在干部选拔任用工作中封官许愿。</p>,4,BD,,3,1
3,中国第一个共产主义小组由陈独秀等人于1920年8月在上海建立。,<p>A、对B、错</p>,2,A,,1,1
3,我国社会的主要矛盾是人民日益增长的物质文化需要同落后的社会生产之间的矛盾。,<p>A、对B、错</p>,2,A,,1,1
3,中国共产党的建立，是中国开天辟地的大事件。自从有了共产党，中国革命的面貌就焕然一新。,<p>A、对B、错</p>,2,A,,1,1
3,中共中央于1922年9月在上海创办了自己的政治机关报――《向导》周报。,<p>A、对B、错</p>,2,B,,1,1
3,1922年7月16日至23日，中国共产党在上海召开了第二次全国代表大会，会议只制定了党的最高纲领。,<p>A、对B、错</p>,2,B,,1,1
3,"1923年1月1日,广东海丰县农会成立，彭湃任会长，会员约十万人，占海丰县人口的四分之一。这是我国的第一个县农会。",<p>A、对B、错</p>,2,A,,1,1
3,1923年6月15日，中国共产党理论刊物《新青年》在广州创刊，由瞿秋白翻译的《国际歌》的中文歌词首次在这个刊物上发表。,<p>A、对B、错</p>,2,A,,1,1
3,1927年9月9日，由毛泽东和湖南省委领导、组织的秋收起义，使中国革命开始走上了农村包围城市、武装夺取政权的正确道路。,<p>A、对B、错</p>,2,A,,1,1
3,1929年12月，在福建省上杭古田召开了中国工农红军第一军党的第九次代表大会，即古田会议。,<p>A、对B、错</p>,2,B,,1,1
3,1931年11月7日，中华工农兵苏维埃第一次全国代表大会在江西瑞金召开，会议宣布成立中华苏维埃共和国临时中央政府，选举毛泽东为主席。,<p>A、对B、错</p>,2,A,,1,1
3,土地革命、武装斗争和根据地建设是三位一体不可分割的，这三者的结合，就是“工农武装割据”。,<p>A、对B、错</p>,2,A,,1,1
3,1935年8月1日，中国共产党驻共产国际代表团草拟了《为抗日救国告全体同胞书》，即八一宣言。,<p>A、对B、错</p>,2,A,,1,1
3,西安事变的和平解决是中国共产党积极努力的结果，它标志着十年内战局面基本结束。,<p>A、对B、错</p>,2,A,,1,1
3,中国工农红军在第一次至第四次反“围剿”斗争中采取了诱敌深入、集中兵力先打弱敌等方针。,<p>A、对B、错</p>,2,B,,1,1
3,中国革命必须分两步走，第一步是新民主主义革命，第二步是社会主义革命，其间不允许横插一个资产阶级专政的阶段。,<p>A、对B、错</p>,2,A,,1,1
3,皖南事变发生在1941年1月6日，是蒋介石国民党为发动第一次反共高潮而制造的反革命事变。,<p>A、对B、错</p>,2,B,,1,1
3,1945年4月23日至6月11日，党的七大在延安杨家岭中央大礼堂隆重举行。,<p>A、对B、错</p>,2,A,,1,1
3,人民解放战争经历了战略防御、战略进攻、战略反攻三个主要阶段。,<p>A、对B、错</p>,2,B,,1,1
3,1949年10月1日中华人民共和国的成立，实现了从新民主主义到社会主义社会的转变。,<p>A、对B、错</p>,2,B,,1,1
3,所谓马克思主义中国化，就是把马克思主义基本原理同中国实际和时代特征结合起来，运用马克思主义的立场、观点、方法研究和解决中国革命、建设、改革中的实际问题。,<p>A、对B、错</p>,2,A,,1,1
3,1947年9月制定的《中国土地法大纲》，这是中国共产党历史上比较完备的一部土地革命纲领。,<p>A、对B、错</p>,2,A,,1,1
3,"毛泽东在七届三中全会上提出了“两个务必”,即务必使同志们继续地保持谦虚、谨慎、不骄、不躁的作风，务必使同志们继续保持艰苦奋斗的作风。",<p>A、对B、错</p>,2,B,,1,1
3,建国初期，在资本主义工商业者中开展了反行贿、反偷税漏税、反盗骗国家财产、反偷工减料、反盗窃国家经济情报的斗争的“五反”运动。,<p>A、对B、错</p>,2,A,,1,1
3,1954年9月20日，中华人民共和国第一届全国人民代表大会第一次会议通过的《中华人民共和国宪法》，是中国历史上第一部社会主义类型的宪法。,<p>A、对B、错</p>,2,A,,1,1
3,1956年，我国对生产资料私有制的社会主义改造基本完成。,<p>A、对B、错</p>,2,A,,1,1
3,我国“和平共处”五项基本原则是1953年12月，周恩来在接见印度政府代表团时首先提出来的。,<p>A、对B、错</p>,2,A,,1,1
3,1964年10月16日，在中国西部的罗布泊试验基地，中国第一颗氢弹成功爆炸。,<p>A、对B、错</p>,2,B,,1,1
3,1971年4月，应中国邀请，美国乒乓球代表团访问中国，此举打开了中美两国人民友好往来的大门，推动了中美关系的改善，被国际舆论称为“乒乓外交”。,<p>A、对B、错</p>,2,A,,1,1
3,邓小平理论的主要内容是社会主义市场经济理论。,<p>A、对B、错</p>,2,B,,1,1
3,土地革命战争时期，毛泽东从理论上系统分析和论证中国农村红色政权存在、发展的原因和条件的著作是《中国社会各阶级的分析》。,<p>A、对B、错</p>,2,B,,1,1
3,我国改革开放的实践证明，经济特区在其发展中很好地发挥了“窗口”的作用。这里的“窗口”指的是对外政策的窗口。,<p>A、对B、错</p>,2,B,,1,1
3,在我国，全国人民代表大会是国家的最高权力机关。,<p>A、对B、错</p>,2,A,,1,1
3,中国特色社会主义文化建设的主要内容包括思想道德建设和教育科学文化建设。,<p>A、对B、错</p>,2,A,,1,1
3,改革开放以来出现的新的社会阶层主要是个体户和私营企业主。,<p>A、对B、错</p>,2,B,,1,1
3,我国外交政策的宗旨是维护世界和平，促进共同发展。,<p>A、对B、错</p>,2,A,,1,1
3,在新的历史时期，统一战线的核心问题是祖国统一的问题。,<p>A、对B、错</p>,2,B,,1,1
3,中国人数最多、最基本的依靠力量是农民阶级。,<p>A、对B、错</p>,2,A,,1,1
3,毛泽东思想是一个内容十分丰富的科学体系，贯穿于各个组成部分的活的灵魂是群众路线。,<p>A、对B、错</p>,2,B,,1,1
3,毛泽东确定的人民军队建设的最根本原则是政治工作，这是人民军队的生命线。,<p>A、对B、错</p>,2,B,,1,1
3,毛泽东思想是马克思主义中国化的第一个重大理论成果。它初步形成于中国共产党创建和大革命时期。,<p>A、对B、错</p>,2,B,,1,1
3,现阶段我国各族人民的共同理想是建设小康社会。,<p>A、对B、错</p>,2,B,,1,1
3,抗日战争时期延安整风运动的中心任务是反对主观主义以整顿学风。,<p>A、对B、错</p>,2,A,,1,1
3,毛泽东思想形成的时代条件是中国沦为半殖民地半封建社会。,<p>A、对B、错</p>,2,B,,1,1
3,当前国际间的经济竞争实质上是产品质量和经济资源的竞争。,<p>A、对B、错</p>,2,B,,1,1
3,马列主义、毛泽东思想、邓小平理论是一脉相承的统一的科学体系。因为它们的基本立场和方法是一致的。,<p>A、对B、错</p>,2,A,,1,1
3,新中国成立初期，中国处于新民主主义社会，其经济成分主要是社会主义国营经济与合作社经济。,<p>A、对B、错</p>,2,B,,1,1
3,邓小平提出在我国社会主义建设中，判断各方面工作是非得失的标准，归根到底看其是否有利于提高全民族的科学文化素质。,<p>A、对B、错</p>,2,B,,1,1
3,“三个代表”重要思想、邓小平理论和毛泽东思想之间是继承和发展关系。,<p>A、对B、错</p>,2,A,,1,1
3,2001年7月1日江泽民同志发表的《在庆祝中国共产党成立八十周年大会上的讲话》首次提出了“三个代表”的思想。,<p>A、对B、错</p>,2,B,,1,1
3,我们建设党，最根本的就是要把党建设成为能够始终代表中国先进生产力发展要求、代表中国先进文化前进方向、代表中国最广大人民根本利益的党。,<p>A、对B、错</p>,2,A,,1,1
3,“三个代表”重要思想是马克思主义活的灵魂。,<p>A、对B、错</p>,2,B,,1,1
3,“三个代表”重要思想抓住“什么是社会主义、怎样建设社会主义”这个根本问题，深刻揭示社会主义的本质，把对社会主义的认识提高到了新的科学水平。,<p>A、对B、错</p>,2,B,,1,1
3,与时俱进，是我们党坚持先进性和增强创造力的决定性因素。,<p>A、对B、错</p>,2,A,,1,1
3,立党为公、执政为民是“三个代表”重要思想的本质。,<p>A、对B、错</p>,2,A,,1,1
3,“三个代表”与马列主义、毛泽东思想、邓小平理论在基本立场、基本观点和基本方法上是一致的。,<p>A、对B、错</p>,2,A,,1,1
3,党的十七大关于党章（修正案）决议，将科学发展观写入党章。,<p>A、对B、错</p>,2,A,,1,1
3,科学发展观是在党的十六届四中全会上确立的。,<p>A、对B、错</p>,2,B,,1,1
3,科学发展观，是对党的三代中央领导集体关于发展的重要思想的继承和发展，是马克思主义关于发展的世界观和方法论的集中体现。,<p>A、对B、错</p>,2,A,,1,1
3,科学发展观，是立足社会主义初级阶段基本国情，总结我国发展实践，借鉴国外发展经验，适应新的发展要求提出的。,<p>A、对B、错</p>,2,A,,1,1
3,党的基层组织是党全部工作和战斗力的基础，承担着把科学发展观贯彻落实到基层的重要责任。,<p>A、对B、错</p>,2,A,,1,1
3,深入贯彻落实科学发展观，基础在于用马克思主义中国化最新成果武装全体人民的头脑。,<p>A、对B、错</p>,2,B,,1,1
3,深入贯彻落实科学发展观，关键在于提高各级领导班子和领导干部领导科学发展能力。,<p>A、对B、错</p>,2,A,,1,1
3,创新体制机制是实现科学发展的必然要求。,<p>A、对B、错</p>,2,A,,1,1
3,全面发展的含义是要以经济建设为中心，全面推进经济、政治、文化建设，实现经济发展和社会全面进步。,<p>A、对B、错</p>,2,A,,1,1
3,实现经济增长方式的转变，是落实科学发展观的具体体现。,<p>A、对B、错</p>,2,A,,1,1
3,要把树立和落实科学发展观作为求真务实的着力点，在树立和落实科学发展观中坚持求真务实，用求真务实的作风来树立和落实科学发展观。,<p>A、对B、错</p>,2,A,,1,1
3,科学发展观是中国特色社会主义理论体系的最新成果，是发展中国特色社会主义必须坚持和贯彻的重大战略思想。,<p>A、对B、错</p>,2,A,,1,1
3,1978年5月，在全国范围内展开的关于真理标准问题的大讨论，重申了“实践是检验真理的惟一标准”，从根本上否定了“两个凡是”的错误方针。,<p>A、对B、错</p>,2,A,,1,1
3,党的十一届三中全会，果断地停止了“以阶级斗争为纲”，提出把党和国家的工作重点转移到社会主义革命上来。,<p>A、对B、错</p>,2,B,,1,1
3,中国的经济体制改革首先从农村开始，采取的主要形式是家庭联产承包责任制。,<p>A、对B、错</p>,2,A,,1,1
3,1983年邓小平提出，教育要面向现代化，面向世界，面向未来。,<p>A、对B、错</p>,2,A,,1,1
3,党的十二大以后，我们党对中国特色社会主义建设规律的认识不断得到深化，逐步形成了“三步走”的社会主义现代化发展战略。,<p>A、对B、错</p>,2,A,,1,1
3,在世纪之交，我们党带领人民顺利实现了现代化建设的前两步战略目标，人民生活总体上实现了全面小康的历史性跨越。,<p>A、对B、错</p>,2,B,,1,1
3,2006年1月1日起废止《中华人民共和国农业税条例》，取消农业税。,<p>A、对B、错</p>,2,A,,1,1
3,以党的十八大为标志，我国进入了全面建成小康社会的新阶段。,<p>A、对B、错</p>,2,A,,1,1
3,中国特色社会主义理论体系是马克思主义中国化的最新成果。,<p>A、对B、错</p>,2,A,,1,1
3,科学发展观的第一要义是统筹兼顾。,<p>A、对B、错</p>,2,B,,1,1
3,中国共产党的宗旨是全心全意为人民服务。,<p>A、对B、错</p>,2,A,,1,1
3,坚持四项基本原则指坚持改革开放、坚持社会主义道路、坚持多党合作、坚持人民民主专政。,<p>A、对B、错</p>,2,B,,1,1
3,党在社会主义初级阶段的基本路线的核心内容是大力发展生产力。,<p>A、对B、错</p>,2,B,,1,1
3,社会主义的本质是解放生产力，发展生产力，消灭剥削，消除两极分化，最终达到共同富裕。,<p>A、对B、错</p>,2,A,,1,1
3,加强思想政治建设的“三讲”是指讲学习、讲发展、讲稳定。,<p>A、对B、错</p>,2,B,,1,1
3,中国共产党必须始终代表中国先进生产力的发展要求，中国先进文化的前进方向，中国最广大人民的根本利益。,<p>A、对B、错</p>,2,A,,1,1
3,我国社会主义现代化事业取得了举世瞩目的巨大成就，我国已进入了发达国家的行列。,<p>A、对B、错</p>,2,B,,1,1
3,现阶段我国的共同理想是把我国建设成为富强、民主、文明、和谐的社会主义现代化国家。,<p>A、对B、错</p>,2,A,,1,1
3,高举中国特色社会主义伟大旗帜，最根本的就是要坚持中国特色社会主义道路、中国特色社会主义理论体系。,<p>A、对B、错</p>,2,A,,1,1
3,新时期我们党坚持并丰富了党的基本理论、基本路线、基本纲领、基本经验，使中华民族大踏步赶上时代前进潮流，迎来伟大复兴的光明前景。,<p>A、对B、错</p>,2,A,,1,1
3,在整个社会主义初级阶段，必须坚持公有制为主体，多种所有制经济共同发展的基本经济制度。,<p>A、对B、错</p>,2,A,,1,1
3,只有社会主义才能救中国，只有中国特色社会主义才能发展中国。,<p>A、对B、错</p>,2,A,,1,1
3,社会和谐是中国特色社会主义的本质属性，是国家富强、民族振兴、人民幸福的重要保证。,<p>A、对B、错</p>,2,A,,1,1
3,当代中国最基本的国情是我国正处于并将长期处于社会主义初级阶段。,<p>A、对B、错</p>,2,A,,1,1
3,科学发展观第一次比较系统地回答了什么是社会主义、如何建设社会主义的问题，开拓了马克思主义中国化新境界。,<p>A、对B、错</p>,2,A,,1,1
3,新时期最鲜明的特点是改革开放，最显著的成就是快速发展，最突出的标志是与时俱进。,<p>A、对B、错</p>,2,A,,1,1
3,党的领导主要是政治、思想和群众工作的领导。,<p>A、对B、错</p>,2,B,,1,1
3,2010年我国国内生产总值跃居世界第二位，我国国际地位和影响力显著提高。,<p>A、对B、错</p>,2,A,,1,1
3,科学发展观是马克思主义关于发展的世界观和方法论的集中体现。,<p>A、对B、错</p>,2,A,,2,1
3,发展中国特色社会主义必须坚持和贯彻科学发展观。,<p>A、对B、错</p>,2,A,,2,1
3,中国共产党在领导社会主义事业中，必须坚持以精神文明建设为中心。,<p>A、对B、错</p>,2,B,,2,1
3,社会主义核心价值体系的核心是倡导社会主义荣辱观。,<p>A、对B、错</p>,2,B,,2,1
3,社会主义生态文明的理念是尊重自然、顺应自然、保护自然。,<p>A、对B、错</p>,2,A,,2,1
3,党的宗教工作基本方针是：全面贯彻党的宗教信仰自由政策，依法管理宗教事务，坚持独立自主自办的原则，积极引导宗教与共产主义理想相适应。,<p>A、对B、错</p>,2,B,,2,1
3,党按照和平共处五项原则，发展同各国共产党和其他政党的关系。,<p>A、对B、错</p>,2,B,,2,1
3,由于国内的因素和国际的影响，阶级斗争还在一定范围内长期存在，在某种条件下还有可能激化，但已经不是主要矛盾。,<p>A、对B、错</p>,2,A,,2,1
3,在党的纪律面前人人平等。,<p>A、对B、错</p>,2,A,,2,1
3,只要承认党的纲领和章程，执行党的决议和按期交纳党费的，就可以申请加入中国共产党。,<p>A、对B、错</p>,2,B,,2,1
3,所有共产党员都不得谋求任何个人利益。,<p>A、对B、错</p>,2,B,,2,1
3,党员必须执行党的决定，服从党组织负责人安排，积极完成党的任务。,<p>A、对B、错</p>,2,B,,2,1
3,党员有权向党的上级组织直至中央提出请求、申诉和控告，并要求有关组织给以负责的答复。,<p>A、对B、错</p>,2,A,,2,1
3,预备党员无权对党的工作提出建议和倡议。,<p>A、对B、错</p>,2,B,,2,1
3,发展党员，必须经过党的支部，坚持个别吸收的原则。,<p>A、对B、错</p>,2,A,,2,1
3,普通党员无权阅读党的有关文件。,<p>A、对B、错</p>,2,B,,2,1
3,预备党员有权在党的会议上有根据地批评党的任何组织和任何党员。,<p>A、对B、错</p>,2,A,,2,1
3,在党组织讨论决定对党员的党纪处分或作出鉴定时，本人无权参加和进行申辩，其他党员可以为他作证和辩护。,<p>A、对B、错</p>,2,B,,2,1
3,党员有行使表决权、选举权，有被选举权。,<p>A、对B、错</p>,2,A,,2,1
3,党的支部委员会对申请入党的人，只要征求党员的意见，进行严格的审查，认为合格后再提交支部大会讨论。,<p>A、对B、错</p>,2,B,,2,1
3,党员的党龄，从预备期满转为正式党员之日算起。,<p>A、对B、错</p>,2,A,,2,1
3,党员对党的决议和政策如有不同意见，可以不决执行。,<p>A、对B、错</p>,2,B,,2,1
3,上级党组织在批准申请人入党以前，要派人同他谈话，作进一步的了解，并帮助他提高对党的认识。,<p>A、对B、错</p>,2,A,,2,1
3,马克思主义的生命力，就是在于它在实践中能够不断创新。,<p>A、对B、错</p>,2,A,,2,1
3,在组织上先入党，在思想上后入党。,<p>A、对B、错</p>,2,B,,2,1
3,吸收新社会阶层中的先进分子入党，就意味着要搞全民党。,<p>A、对B、错</p>,2,B,,2,1
3,党章总纲指出:改革是我们党执政兴国的第一要务。,<p>A、对B、错</p>,2,B,,2,1
3,申请入党的人在年龄上必须具备年满18岁的条件。,<p>A、对B、错</p>,2,A,,2,1
3,党员在留党察看期间仍享有表决权、选举权和被选举权。,<p>A、对B、错</p>,2,B,,2,1
3,党的任何一级组织直至中央都无权剥夺党员的权利。,<p>A、对B、错</p>,2,A,,2,1
3,中国共产党在领导社会主义事业中，必须坚持以社会建设为中心，其他各项工作都服从和服务于这个中心。,<p>A、对B、错</p>,2,B,,2,1
3,党的领导主要是政治、思想和群众工作的领导。,<p>A、对B、错</p>,2,B,,2,1
3,我们要毫不动摇地巩固和发展公有制经济，毫不动摇地鼓励、支持、引导非公有制经济发展。,<p>A、对B、错</p>,2,B,,2,1
3,党的各级组织的报刊和其他宣传工具，必须宣传党的路线、方针、政策和决议。,<p>A、对B、错</p>,2,A,,2,1
3,党员领导干部必须参加党委、党组的民主生活会。,<p>A、对B、错</p>,2,A,,2,1
3,选举党的各级代表大会的代表和委员会必须先采用差额选举办法进行预选，产生候选人名单，然后进行正式选举。,<p>A、对B、错</p>,2,B,,2,1
3,在党的地方各级代表大会和基层代表大会闭会期间，上级党的组织认为有必要时，可以调动或者指派下级党组织的负责人。,<p>A、对B、错</p>,2,A,,2,1
3,党的中央和地方各级委员会可以派出代表机关。,<p>A、对B、错</p>,2,A,,2,1
3,党的各级领导机关，无权干预下级组织的工作。,<p>A、对B、错</p>,2,B,,2,1
3,下级组织如果认为上级组织的决定不符合本地区、本部门的实际情况，可以请求改变；如果上级组织坚持原决定，下级组织必须执行，并不得公开发表不同意见，不得向再上一级组织报告。,<p>A、对B、错</p>,2,B,,2,1
3,党组织讨论决定所有问题，都应当按照少数服从多数的原则，要进行表决。,<p>A、对B、错</p>,2,B,,2,1
3,党组织按照少数服从多数的原则讨论决定问题，不应该考虑少数人的意见。,<p>A、对B、错</p>,2,B,,2,1
3,党的最高领导机关是党的全国代表大会和它所产生的中央委员会。,<p>A、对B、错</p>,2,A,,2,1
3,党的全国代表大会每五年举行一次，不得提前或延期举行。,<p>A、对B、错</p>,2,B,,2,1
3,党的中央委员会每届任期五年。全国代表大会可以提前或延期举行，而党的中央委员会的任期不变。,<p>A、对B、错</p>,2,B,,2,1
3,中央委员会总书记负责召集中央政治局会议和中央政治局常务委员会会议，并主持中央书记处的工作。,<p>A、对B、错</p>,2,A,,2,1
3,党的地方各级领导机关，是党的地方各级代表大会和它们所产生的委员会。,<p>A、对B、错</p>,2,A,,2,1
3,党的各级委员会向同级的常委会负责并报告工作。,<p>A、对B、错</p>,2,B,,2,1
3,中国人民解放军总政治部负责管理军队中党的工作和政治工作。,<p>A、对B、错</p>,2,A,,2,1
3,每届中央委员会产生的中央领导机构和中央领导人，在下届全国代表大会开会期间，继续主持党的经常工作，直到下届中央委员会产生新的中央领导机构和中央领导人为止。,<p>A、对B、错</p>,2,A,,2,1
3,党的地方各级代表大会，在特殊情况下，经上一级委员会批准，可以提前或延期举行。,<p>A、对B、错</p>,2,A,,2,1
3,党的地方各级委员会全体会议定期向常务委员会报告工作，接受监督。,<p>A、对B、错</p>,2,B,,2,1
3,党的地方各级委员会的委员和候补委员的名额，由同一级常务委员会决定。,<p>A、对B、错</p>,2,B,,2,1
3,党的地方各级代表大会如提前或延期举行，由它选举的委员会的任期相应地改变。,<p>A、对B、错</p>,2,A,,2,1
3,总支部委员会和支部委员会由党员大会选举产生或代表大会选举产生。,<p>A、对B、错</p>,2,B,,2,1
3,基层委员会由党员大会或代表大会选举产生。,<p>A、对B、错</p>,2,A,,2,1
3,国有企业和集体企业中党的基层组织，发挥政治核心作用。,<p>A、对B、错</p>,2,A,,2,1
3,实行行政领导人负责制的事业单位中党的基层组织，发挥政治核心作用。,<p>A、对B、错</p>,2,A,,2,1
3,各级党和国家机关中党的基层组织，领导本单位的业务工作。,<p>A、对B、错</p>,2,B,,2,1
3,各级党和国家机关中党的基层组织，不领导本单位的业务工作。,<p>A、对B、错</p>,2,A,,2,1
3,党的各级领导干部要树立正确政绩观，做出经得起实践、人民、历史检验的实绩。,<p>A、对B、错</p>,2,A,,2,1
3,党的纪律是党的领导干部和全体党员必须遵守的行为规则。,<p>A、对B、错</p>,2,B,,2,1
3,严重触犯刑律的党员必须一、给予严重警告。,<p>A、对B、错</p>,2,B,,2,1
3,党的各级领导干部，无论是由民主选举产生的，或是由领导机关任命的，他们的职务都不是终身的，都可以变动或解除。,<p>A、对B、错</p>,2,A,,2,1
3,撤销党内职务是党内的最高处分。,<p>A、对B、错</p>,2,B,,2,1
3,党内严格禁止用违反党章和国家法律的手段对待党员，严格禁止打击报复和诬告陷害。违反这些规定的组织或个人必须受到党的纪律和国家法律的追究。,<p>A、对B、错</p>,2,A,,2,1
3,党的各级纪律检查委员会每届任期和同级党的委员会不同。,<p>A、对B、错</p>,2,B,,2,1
3,对党员的纪律处分，必须经过支部大会讨论决定。,<p>A、对B、错</p>,2,A,,2,1
3,县级和县级以上各级党的委员会和纪律检查委员会无权直接决定给党员以纪律处分。,<p>A、对B、错</p>,2,B,,2,1
3,党组织如果在维护党的纪律方面失职，必须受到追究。,<p>A、对B、错</p>,2,B,,2,1
3,党的中央纪律检查委员会在党的中央委员会领导下进行工作。,<p>A、对B、错</p>,2,A,,2,1
3,党的地方各级纪律检查委员会和基层纪律检查委员会在上级纪律检查委员会双重领导下进行工作。,<p>A、对B、错</p>,2,B,,2,1
3,党员在留党察看期间没有表决权、选举权，有被选举权。,<p>A、对B、错</p>,2,B,,2,1
3,党的中央纪律检查委员会常务委员会和书记、副书记，由中央纪律检查委员会全体会议选举产生。,<p>A、对B、错</p>,2,A,,2,1
3,党的地方各级纪律检查委员会常务委员会和书记、副书记，由同级党的委员会选举产生。,<p>A、对B、错</p>,2,B,,2,1
3,党的基层委员会只能设立纪律检查委员会。,<p>A、对B、错</p>,2,B,,2,1
3,党的基层委员会可以设立纪律检查委员会，也可以设立纪律检查委员。,<p>A、对B、错</p>,2,A,,2,1
3,对下属单位实行集中统一领导的国家工作部门可以建立党委。,<p>A、对B、错</p>,2,A,,2,1
3,党的总支部委员会和支部委员会设纪律检查委员。,<p>A、对B、错</p>,2,A,,2,1
3,党的总支部委员会和支部委员会可以设立纪律检查委员会，也可以设立纪律检查委员。,<p>A、对B、错</p>,2,B,,2,1
3,各级纪律检查委员会对党员领导干部行使权力进行监督，不受理党员的控告和申诉。,<p>A、对B、错</p>,2,B,,2,1
3,各级纪律检查委员可以决定或取消对党员的处分。,<p>A、对B、错</p>,2,A,,2,1
3,各级纪律检查委员会发现同级党的委员会委员有违犯党的纪律的行为，可以先进行初步核实，如果需要立案检查的，必须先报同级党的委员会批准，然后报上一级纪律检查委员会批准。,<p>A、对B、错</p>,2,B,,2,1
3,各级纪律检查委员会发现同级党的委员会常务委员有违犯党的纪律的行为，可以先进行初步核实，如果需要立案检查的，应当报同级党的委员会批准，然后报上一级纪律检查委员会批准。,<p>A、对B、错</p>,2,A,,2,1
3,上级纪律检查委员会有权检查下级纪律检查委员会的工作，但无权批准和改变下级纪律检查委员会对于案件所作的决定。,<p>A、对B、错</p>,2,B,,2,1
3,党组发挥领导核心作用。,<p>A、对B、错</p>,2,A,,2,1
3,党组设书记，可以不设副书记。,<p>A、对B、错</p>,2,A,,2,1
3,党组是上级党的委员会向非党组织的派出机关。,<p>A、对B、错</p>,2,A,,2,1
3,新世纪新阶段，经济和社会发展的战略目标是，到建党一百年时，人均国内生产总值达到中等发达国家水平，基本实现现代化。,<p>A、对B、错</p>,2,B,,2,1
3,敌我矛盾和人民内部矛盾是两类不同性质的矛盾。,<p>A、对B、错</p>,2,A,,2,1
3,建设社会主义生态文明的发展道路是生产发展、生活富裕、生态良好。,<p>A、对B、错</p>,2,A,,2,1
3,我国新时期最鲜明的特点是与时俱进。,<p>A、对B、错</p>,2,B,,2,1
3,坚持民主集中制，必须实行正确的集中，保证全党的团结统一和行动一致，保证党的决定得到迅速有效的贯彻执行。,<p>A、对B、错</p>,2,A,,2,1
3,工会，农会，作协，政协，不可以成立党组。,<p>A、对B、错</p>,2,B,,2,1
3,党组的职责是代表上级党委指导本机关和直属组织内党的工作。,<p>A、对B、错</p>,2,A,,2,1
3,每个党员，不论职务高低，都必须编入党的一个支部、小组或其他特定组织。,<p>A、对B、错</p>,2,A,,2,1
3,企业事业单位的团委员会书记，可以列席同级党的委员会和常务委员会的会议。,<p>A、对B、错</p>,2,B,,2,1
3,非党组织有国家机关、人民团体、经济组织、文化组织等。,<p>A、对B、错</p>,2,A,,2,1
3,国有企业和集体企业中党的基层组织，围绕企业党组织建设开展工作。,<p>A、对B、错</p>,2,B,,2,1
3,决定或批准开除党员党籍，应当采取十分慎重的态度。,<p>A、对B、错</p>,2,A,,2,1
3,违反党章和国家法律的组织或个人必须受到党的纪律的追究。,<p>A、对B、错</p>,2,B,,2,1
3,处分党员，应当本着惩前毖后、治病救人的精神。,<p>A、对B、错</p>,2,A,,2,1
3,党的干部是党的事业的骨干，是人民的领导。,<p>A、对B、错</p>,2,B,,2,1
3,党组织对党员作出处分决定，处分决定所依据的事实材料和处分决定必须同本人见面。,<p>A、对B、错</p>,2,A,,2,1
3,非公有制经济组织中党的基层组织，贯彻党的方针政策，引导和监督企业遵守国家的法律法规和党章党规。,<p>A、对B、错</p>,2,B,,2,1
3,党的地方各级代表大会选举同级党的委员会和同级党的纪律检查委员会。,<p>A、对B、错</p>,2,A,,2,1
3,党的地方各级委员会全体会议，选举同级党的委员会。,<p>A、对B、错</p>,2,B,,2,1
3,党的地方各级代表大会选举地方各级委员会常务委员会和书记、副书记。,<p>A、对B、错</p>,2,B,,2,1
3,下级组织对上级组织的决定，不得公开发表不同意见。,<p>A、对B、错</p>,2,A,,2,1
3,职务高的党员能个人决定党内重大问题。,<p>A、对B、错</p>,2,B,,2,1
3,预备党员必须面向党旗进行入党宣誓。,<p>A、对B、错</p>,2,A,,2,1
3,任何组织和个人不得以任何方式强迫选举人选举或不选举某个人。,<p>A、对B、错</p>,2,A,,2,1
3,党的各级代表大会代表实行连任制。,<p>A、对B、错</p>,2,B,,2,1
3,党员的党龄，从成为预备党员之日算起。,<p>A、对B、错</p>,2,B,,2,1
3,党组织对预备党员应当认真教育和考察。,<p>A、对B、错</p>,2,A,,2,1
3,党员个人不能代表党组织发表重要主张。,<p>A、对B、错</p>,2,B,,2,1
3,预备党员在转为正式党员之前，可以不遵守党的纪律，不执行党的决定。,<p>A、对B、错</p>,2,B,,2,1
3,在党组织讨论决定对党员作出党纪处分时，预备党员可以为他作证和辩护。,<p>A、对B、错</p>,2,A,,2,1
3,党员在留党察看期间，有参加党的有关会议的权利。,<p>A、对B、错</p>,2,A,,2,1
3,党员在留党察看期间，可以向群众宣传党的主张，但不能向党反映群众的意见和要求。,<p>A、对B、错</p>,2,B,,2,1
3,禁止党员领导干部个人经商、办企业，但对党员领导干部借他人名义经商、办企业则未作严格要求。,<p>A、对B、错</p>,2,B,,3,1
3,禁止党员领导干部在经济实体、社会团体等单位中兼职或者兼职取酬，以及从事中介活动。,<p>A、对B、错</p>,2,B,,3,1
3,禁止党员领导干部利用职务便利私自干预下级或者原任职地区、单位干部选拔任用工作。,<p>A、对B、错</p>,2,A,,3,1
3,禁止党员领导干部为配偶、子女及其配偶以及其他亲属经商、办企业提供便利条件，而对党员领导干部之间利用职权相互为对方配偶、子女及其配偶以及其他亲属经商、办企业提供便利条件则并无明文限制。,<p>A、对B、错</p>,2,B,,3,1
3,禁止党员领导干部在公务活动中提供或者接受超过规定标准的接待，或者超过规定标准报销招待费、差旅费等相关费用。,<p>A、对B、错</p>,2,A,,3,1
3,禁止党员领导干部大办婚丧喜庆事宜，造成不良影响，或者借机敛财。其中，用私款操办的不受禁止。,<p>A、对B、错</p>,2,B,,3,1
3,党员领导干部不准借用公款、公物或者将公款、公物借给他人。,<p>A、对B、错</p>,2,B,,3,1
3,<p>目前我国年度财政性教育经费支出总额已经超过3万亿元。</p>,<p>A、对B、错</p>,2,B,,2,1
3,<p>推动诚信体系建设，以社会诚信带动商务诚信和政务诚信，形成良好的社会风尚。</p>,<p>A、对B、错</p>,2,B,,1,1
3,<p>收入分配制度是经济社会发展中一项根本性、基础性的制度，是社会主义市场经济体制的重要基石。</p>,<p>A、对B、错</p>,2,A,,3,1
3,<p>健全全民医保体系，建立重特大疾病保障和救助机制，全面开展儿童白血病等30种重大疾病保障试点工作。</p>,<p>A、对B、错</p>,2,B,,4,1
4,<p>描述抗战史著名战役和时间</p>,,4,<p>描述抗战史著名战役和时间</p>,,1,3
5,<p>测试填空</p>,"<p>&nbsp;</p>

<p>&nbsp;</p>

<p>&nbsp;</p>

<p>&nbsp;</p>",4,"借,应付票据,500;贷,制造费用,500",<p>测试填空</p>,1,3
1,<p>这些自行车自行车相撞</p>,<p>自行车自行车相撞从</p>,4,A,<p>自行车相撞从自行车相撞</p>,2,3
1,<p>问题测试</p>,<p>exam.cls.php</p>,4,A,<p>sad撒大苏打撒</p>,1,3
1,啊啊啊啊啊,abcd,4,a,1,2,2
5,<p>asdsadsadsadasd</p>,,4,sadsadasd,<p>asdasdsadsad</p>,1,1
